PPVuse,Abundance,Species
NA,0.986196464,Moraxella catarrhalis
NA,0.978012712,Moraxella catarrhalis
NA,0.972039977,Moraxella nonliquefaciens
NA,0.968741451,Moraxella catarrhalis
NA,0.966809546,Haemophilus influenzae
NA,0.96522886,Moraxella nonliquefaciens
NA,0.963862936,Moraxella catarrhalis
NA,0.960252319,Moraxella catarrhalis
NA,0.952242314,Moraxella catarrhalis
NA,0.947542793,Moraxella nonliquefaciens
NA,0.935912154,Moraxella catarrhalis
NA,0.934990051,Moraxella catarrhalis
NA,0.931857213,Moraxella nonliquefaciens
NA,0.931252088,Moraxella catarrhalis
NA,0.928528265,Moraxella catarrhalis
NA,0.922885223,Moraxella catarrhalis
NA,0.922349186,Moraxella nonliquefaciens
NA,0.916306804,Haemophilus influenzae
NA,0.913910183,Moraxella catarrhalis
NA,0.910754489,Streptococcus pneumoniae
NA,0.907722579,Streptococcus pneumoniae
NA,0.906310448,Moraxella nonliquefaciens
NA,0.905582075,Streptococcus pneumoniae
NA,0.903517697,Haemophilus influenzae
NA,0.903494192,Streptococcus pneumoniae
NA,0.893435152,Moraxella catarrhalis
NA,0.879404067,Streptococcus pneumoniae
NA,0.878180842,Streptococcus pneumoniae
NA,0.876607153,Moraxella catarrhalis
NA,0.872972055,Streptococcus pneumoniae
NA,0.866672616,Streptococcus pneumoniae
NA,0.856772746,Moraxella nonliquefaciens
NA,0.85640247,Moraxella nonliquefaciens
NA,0.851834456,Moraxella nonliquefaciens
NA,0.847009627,Streptococcus pneumoniae
NA,0.845568208,Moraxella catarrhalis
NA,0.844336854,Streptococcus pneumoniae
NA,0.836914631,Moraxella catarrhalis
NA,0.824811242,Streptococcus pneumoniae
NA,0.821987498,Moraxella catarrhalis
NA,0.807295096,Streptococcus pneumoniae
NA,0.802216069,Moraxella catarrhalis
NA,0.796474081,Streptococcus pneumoniae
NA,0.789938434,Cutibacterium acnes
NA,0.788100195,Moraxella catarrhalis
NA,0.787779796,Moraxella catarrhalis
NA,0.786573392,Cutibacterium acnes
NA,0.782387145,Moraxella catarrhalis
NA,0.776941153,Streptococcus pneumoniae
NA,0.774892317,Moraxella catarrhalis
NA,0.771856207,Haemophilus influenzae
NA,0.770403712,Streptococcus pneumoniae
NA,0.76799378,Moraxella nonliquefaciens
NA,0.76677954,Streptococcus pneumoniae
NA,0.757289523,Moraxella nonliquefaciens
NA,0.75638467,Moraxella catarrhalis
NA,0.747577677,Streptococcus pneumoniae
NA,0.741600901,Haemophilus influenzae
NA,0.735070373,Streptococcus pneumoniae
NA,0.730666135,Haemophilus influenzae
NA,0.729095903,Moraxella nonliquefaciens
NA,0.714038287,Streptococcus pneumoniae
NA,0.713458137,Moraxella catarrhalis
NA,0.711186026,Streptococcus pneumoniae
NA,0.711011672,Streptococcus pneumoniae
NA,0.704506552,Escherichia coli
NA,0.702891781,Moraxella nonliquefaciens
NA,0.700855237,Moraxella nonliquefaciens
NA,0.698492227,Streptococcus pneumoniae
NA,0.697065699,Moraxella catarrhalis
NA,0.696574554,Cutibacterium acnes
NA,0.690533376,Moraxella catarrhalis
NA,0.687424295,Haemophilus influenzae
NA,0.675452914,Streptococcus pneumoniae
NA,0.67076975,Streptococcus pneumoniae
NA,0.661518971,Streptococcus pneumoniae
NA,0.651407692,Moraxella catarrhalis
NA,0.649446284,Moraxella catarrhalis
NA,0.64677474,Moraxella catarrhalis
NA,0.64550151,Cutibacterium acnes
NA,0.645248631,Moraxella nonliquefaciens
NA,0.641596476,Streptococcus pneumoniae
NA,0.639643546,Streptococcus pneumoniae
NA,0.635338854,Haemophilus influenzae
NA,0.634595519,Streptococcus pneumoniae
NA,0.628971623,Streptococcus pneumoniae
NA,0.62771352,Moraxella nonliquefaciens
NA,0.621357174,Streptococcus pneumoniae
NA,0.618936639,Cutibacterium acnes
NA,0.616999275,Moraxella nonliquefaciens
NA,0.609276188,Moraxella catarrhalis
NA,0.608944436,Streptococcus pneumoniae
NA,0.605705872,Streptococcus pneumoniae
NA,0.604910498,Streptococcus pneumoniae
NA,0.60423971,Moraxella catarrhalis
NA,0.601575822,Moraxella nonliquefaciens
NA,0.60013268,Moraxella catarrhalis
NA,0.594315987,Moraxella nonliquefaciens
NA,0.589932881,Moraxella catarrhalis
NA,0.585027297,Moraxella nonliquefaciens
NA,0.584603326,Haemophilus influenzae
NA,0.581635855,Haemophilus influenzae
NA,0.581477942,Moraxella catarrhalis
NA,0.579566593,Haemophilus influenzae
NA,0.579466023,Streptococcus pneumoniae
NA,0.578852903,Moraxella nonliquefaciens
NA,0.578175251,Moraxella nonliquefaciens
NA,0.574006981,Moraxella catarrhalis
NA,0.573313717,Streptococcus pneumoniae
NA,0.572782178,Streptococcus pneumoniae
NA,0.571151563,Cutibacterium acnes
NA,0.570072432,Streptococcus pneumoniae
NA,0.568410999,Haemophilus influenzae
NA,0.560771613,Haemophilus influenzae
NA,0.554027608,Moraxella nonliquefaciens
NA,0.553529192,Moraxella catarrhalis
NA,0.552251447,Cutibacterium acnes
NA,0.550212558,Streptococcus pneumoniae
NA,0.550003078,Streptococcus pneumoniae
NA,0.546749992,Moraxella catarrhalis
NA,0.538040092,Haemophilus influenzae
NA,0.53793261,Streptococcus pneumoniae
NA,0.531904519,Cutibacterium acnes
NA,0.531280573,Moraxella nonliquefaciens
NA,0.527333964,Cutibacterium acnes
NA,0.517723953,Streptococcus pneumoniae
NA,0.514200204,Moraxella catarrhalis
NA,0.51192272,Moraxella catarrhalis
NA,0.511829354,Prevotella nanceiensis
NA,0.508414845,Moraxella nonliquefaciens
NA,0.506291577,Streptococcus pneumoniae
NA,0.50059017,Cutibacterium acnes
NA,0.499803243,Moraxella catarrhalis
NA,0.499223698,Streptococcus pneumoniae
NA,0.499173696,Haemophilus influenzae
NA,0.498989474,Streptococcus pneumoniae
NA,0.498259849,Haemophilus influenzae
NA,0.495640056,Streptococcus pneumoniae
NA,0.494511845,Moraxella nonliquefaciens
NA,0.490941111,Moraxella nonliquefaciens
NA,0.488216052,Streptococcus pneumoniae
NA,0.487413192,Streptococcus pneumoniae
NA,0.486296441,Cutibacterium acnes
NA,0.483273305,Streptococcus pneumoniae
NA,0.478177432,Moraxella catarrhalis
NA,0.476676173,Moraxella catarrhalis
NA,0.474372382,Streptococcus pneumoniae
NA,0.472160262,Streptococcus pneumoniae
NA,0.465715342,Streptococcus pneumoniae
NA,0.462605669,Escherichia coli
NA,0.462337706,Streptococcus pneumoniae
NA,0.455703168,Streptococcus pneumoniae
NA,0.454911313,Cutibacterium acnes
NA,0.454448307,Moraxella catarrhalis
NA,0.450758169,Streptococcus pneumoniae
NA,0.441746482,Cutibacterium acnes
NA,0.441262735,Streptococcus pneumoniae
NA,0.439995434,Prevotella melaninogenica
NA,0.4394326,Moraxella catarrhalis
NA,0.436223231,Streptococcus pneumoniae
NA,0.430928354,Cutibacterium acnes
NA,0.424263141,Haemophilus influenzae
NA,0.423763936,Moraxella catarrhalis
NA,0.422557489,Streptococcus pneumoniae
NA,0.419848508,Escherichia coli
NA,0.419470784,Moraxella catarrhalis
NA,0.41793459,Streptococcus pneumoniae
NA,0.413300491,Streptococcus pneumoniae
NA,0.409574639,Moraxella catarrhalis
NA,0.395070176,Cutibacterium acnes
NA,0.394103317,Streptococcus pneumoniae
NA,0.393889085,Moraxella nonliquefaciens
NA,0.391125167,Haemophilus influenzae
NA,0.38882891,Moraxella nonliquefaciens
NA,0.388072575,Streptococcus pneumoniae
NA,0.386785532,Streptococcus pneumoniae
NA,0.385988248,Streptococcus pneumoniae
NA,0.385519567,Moraxella nonliquefaciens
NA,0.384292419,Moraxella catarrhalis
NA,0.382469179,Moraxella nonliquefaciens
NA,0.378827519,Streptococcus pneumoniae
NA,0.37429408,Haemophilus influenzae
NA,0.371721774,Moraxella catarrhalis
NA,0.371619011,Moraxella catarrhalis
NA,0.371534835,Streptococcus pneumoniae
NA,0.371091655,Cutibacterium acnes
NA,0.370194211,Moraxella catarrhalis
NA,0.370163304,Streptococcus pneumoniae
NA,0.369925156,Streptococcus pneumoniae
NA,0.368626084,Cutibacterium acnes
NA,0.368421108,Haemophilus influenzae
NA,0.365170706,Moraxella catarrhalis
NA,0.362387831,Streptococcus pneumoniae
NA,0.362363645,Streptococcus mitis
NA,0.362328439,Moraxella catarrhalis
NA,0.361714969,Moraxella catarrhalis
NA,0.361271965,Cutibacterium acnes
NA,0.354495989,Cutibacterium acnes
NA,0.35089392,Escherichia coli
NA,0.349434621,Prevotella melaninogenica
NA,0.349098101,Moraxella catarrhalis
NA,0.348688206,Streptococcus pneumoniae
NA,0.34491905,Cutibacterium acnes
NA,0.344151448,Streptococcus mitis
NA,0.343581524,Streptococcus pneumoniae
NA,0.342911228,Streptococcus pneumoniae
NA,0.33983195,Corynebacterium simulans
NA,0.339678948,Haemophilus influenzae
NA,0.339522416,Cutibacterium acnes
NA,0.338375502,Streptococcus pneumoniae
NA,0.337496742,Streptococcus pneumoniae
NA,0.335420979,Haemophilus influenzae
NA,0.335230413,Cutibacterium acnes
NA,0.335111008,Corynebacterium simulans
NA,0.331217549,Streptococcus pneumoniae
NA,0.329283149,Cutibacterium acnes
NA,0.328409618,Streptococcus pneumoniae
NA,0.327882129,Haemophilus influenzae
NA,0.327684378,Haemophilus influenzae
NA,0.327492572,Moraxella nonliquefaciens
NA,0.321506047,Streptococcus pneumoniae
NA,0.315758947,Streptococcus pneumoniae
NA,0.314523622,Streptococcus pneumoniae
NA,0.308825207,Haemophilus influenzae
NA,0.308465056,Cutibacterium acnes
NA,0.306276632,Prevotella melaninogenica
NA,0.306081597,Moraxella catarrhalis
NA,0.303778945,Streptococcus pneumoniae
NA,0.303542399,Streptococcus pneumoniae
NA,0.302932196,Haemophilus influenzae
NA,0.301172785,Streptococcus pneumoniae
NA,0.300382393,Moraxella catarrhalis
NA,0.300047692,Cutibacterium acnes
NA,0.299801473,Prevotella nanceiensis
NA,0.297106354,Cutibacterium acnes
NA,0.296811115,Moraxella catarrhalis
NA,0.295777842,Streptococcus pneumoniae
NA,0.293372701,Cutibacterium acnes
NA,0.291267434,Streptococcus pneumoniae
NA,0.291184623,Streptococcus pneumoniae
NA,0.289357363,Prevotella nanceiensis
NA,0.289144901,Escherichia coli
NA,0.287481441,Moraxella catarrhalis
NA,0.285666058,Moraxella catarrhalis
NA,0.285569482,Cutibacterium acnes
NA,0.281476925,Streptococcus pneumoniae
NA,0.281254489,Prevotella melaninogenica
NA,0.280016628,Corynebacterium simulans
NA,0.278778546,Streptococcus pneumoniae
NA,0.277288358,Prevotella melaninogenica
NA,0.27492938,Moraxella catarrhalis
NA,0.273463216,Moraxella nonliquefaciens
NA,0.273026313,Streptococcus pneumoniae
NA,0.270868004,Escherichia coli
NA,0.270818085,Moraxella nonliquefaciens
NA,0.269128195,Streptococcus pneumoniae
NA,0.268720039,Moraxella catarrhalis
NA,0.2658152,Cutibacterium acnes
NA,0.265525985,Streptococcus pneumoniae
NA,0.263723615,Haemophilus influenzae
NA,0.260400616,Moraxella nonliquefaciens
NA,0.260276523,Streptococcus pneumoniae
NA,0.259275445,Moraxella nonliquefaciens
NA,0.259126393,Corynebacterium simulans
NA,0.257786278,Streptococcus pneumoniae
NA,0.255855764,Haemophilus influenzae
NA,0.25325692,Moraxella nonliquefaciens
NA,0.252768823,Cutibacterium acnes
NA,0.25166922,Streptococcus mitis
NA,0.251148527,Escherichia coli
NA,0.250303856,Streptococcus pneumoniae
NA,0.249708587,Streptococcus pneumoniae
NA,0.249539847,Moraxella catarrhalis
NA,0.24907343,Escherichia coli
NA,0.246754741,Escherichia coli
NA,0.245627141,Cutibacterium acnes
NA,0.245427684,Streptococcus pneumoniae
NA,0.244807446,Streptococcus pneumoniae
NA,0.244490748,Streptococcus pneumoniae
NA,0.243433189,Moraxella catarrhalis
NA,0.243396852,Streptococcus pneumoniae
NA,0.242722209,Cutibacterium acnes
NA,0.241502144,Streptococcus pneumoniae
NA,0.238753675,Streptococcus pneumoniae
NA,0.237096343,Moraxella nonliquefaciens
NA,0.236375391,Prevotella nanceiensis
NA,0.23600056,Haemophilus influenzae
NA,0.234628966,Moraxella nonliquefaciens
NA,0.233406661,Haemophilus influenzae
NA,0.232700732,Streptococcus pneumoniae
NA,0.23209341,Streptococcus pneumoniae
NA,0.231409219,Cutibacterium acnes
NA,0.231059503,Moraxella catarrhalis
NA,0.230767305,Prevotella melaninogenica
NA,0.229051865,Moraxella nonliquefaciens
NA,0.228547143,Corynebacterium simulans
NA,0.228297649,Moraxella catarrhalis
NA,0.226968203,Cutibacterium acnes
NA,0.2251425,Streptococcus pneumoniae
NA,0.223150289,Prevotella nanceiensis
NA,0.222424269,Corynebacterium simulans
NA,0.222161432,Cutibacterium acnes
NA,0.219514282,Streptococcus pneumoniae
NA,0.218400465,Moraxella catarrhalis
NA,0.218013807,Cutibacterium acnes
NA,0.217600826,Streptococcus pneumoniae
NA,0.217381704,Escherichia coli
NA,0.217380229,Cutibacterium acnes
NA,0.216406643,Streptococcus pneumoniae
NA,0.215942124,Prevotella nanceiensis
NA,0.213996735,Cutibacterium acnes
NA,0.213088465,Cutibacterium acnes
NA,0.212936423,Escherichia coli
NA,0.212171482,Corynebacterium simulans
NA,0.210621683,Moraxella nonliquefaciens
NA,0.209254261,Escherichia coli
NA,0.208817693,Corynebacterium simulans
NA,0.208247353,Moraxella nonliquefaciens
NA,0.208215665,Moraxella nonliquefaciens
NA,0.208208756,Escherichia coli
NA,0.207278925,Corynebacterium simulans
NA,0.205664394,Moraxella nonliquefaciens
NA,0.205313104,Cutibacterium acnes
NA,0.205205683,Cutibacterium acnes
NA,0.205149394,Streptococcus pneumoniae
NA,0.204921236,Moraxella catarrhalis
NA,0.204290638,Moraxella catarrhalis
NA,0.20369155,Prevotella melaninogenica
NA,0.203230014,Moraxella catarrhalis
NA,0.20201125,Streptococcus mitis
NA,0.2011565,Streptococcus pneumoniae
NA,0.200495691,Moraxella nonliquefaciens
NA,0.199055368,Cutibacterium acnes
NA,0.196987235,Moraxella catarrhalis
NA,0.196343516,Moraxella nonliquefaciens
NA,0.193589483,Moraxella nonliquefaciens
NA,0.192980833,Escherichia coli
NA,0.192975437,Streptococcus pneumoniae
NA,0.19265074,Moraxella catarrhalis
NA,0.192451469,Haemophilus influenzae
NA,0.189587848,Cutibacterium acnes
NA,0.188901751,Corynebacterium simulans
NA,0.187667126,Streptococcus pneumoniae
NA,0.186819487,Cutibacterium acnes
NA,0.186608833,Escherichia coli
NA,0.185291208,Haemophilus influenzae
NA,0.184634354,Streptococcus pneumoniae
NA,0.184451496,Cutibacterium acnes
NA,0.180610311,Moraxella catarrhalis
NA,0.180109903,Moraxella nonliquefaciens
NA,0.178331127,Moraxella catarrhalis
NA,0.176559561,Corynebacterium simulans
NA,0.176389265,Haemophilus influenzae
NA,0.175793042,Cutibacterium acnes
NA,0.175212412,Escherichia coli
NA,0.174563897,Prevotella melaninogenica
NA,0.17306118,Streptococcus pneumoniae
NA,0.172276459,Cutibacterium acnes
NA,0.171022871,Streptococcus pneumoniae
NA,0.170971895,Escherichia coli
NA,0.170598429,Streptococcus pneumoniae
NA,0.170501161,Cutibacterium acnes
NA,0.170447531,Moraxella catarrhalis
NA,0.17038567,Streptococcus pneumoniae
NA,0.168251115,Escherichia coli
NA,0.16682384,Escherichia coli
NA,0.16673174,Haemophilus influenzae
NA,0.164099403,Corynebacterium simulans
NA,0.162888564,Moraxella nonliquefaciens
NA,0.161460697,Streptococcus pneumoniae
NA,0.161335713,Moraxella catarrhalis
NA,0.161227419,Cutibacterium acnes
NA,0.160270455,Streptococcus pneumoniae
NA,0.159350525,Cutibacterium acnes
NA,0.158708018,Streptococcus pneumoniae
NA,0.158093306,Moraxella catarrhalis
NA,0.158027224,Escherichia coli
NA,0.157544346,Escherichia coli
NA,0.157515146,Prevotella melaninogenica
NA,0.157346042,Escherichia coli
NA,0.156256884,Prevotella melaninogenica
NA,0.155567013,Escherichia coli
NA,0.15538267,Streptococcus pneumoniae
NA,0.155376388,Moraxella nonliquefaciens
NA,0.15525192,Cutibacterium acnes
NA,0.154676678,Streptococcus pneumoniae
NA,0.154512406,Moraxella catarrhalis
NA,0.154350219,Haemophilus influenzae
NA,0.154002384,Cutibacterium acnes
NA,0.153173188,Streptococcus mitis
NA,0.15313034,Streptococcus pneumoniae
NA,0.151644237,Escherichia coli
NA,0.148904399,Streptococcus pneumoniae
NA,0.148053037,Corynebacterium simulans
NA,0.147673085,Escherichia coli
NA,0.14748323,Escherichia coli
NA,0.147083985,Streptococcus pneumoniae
NA,0.147025256,Streptococcus pneumoniae
NA,0.146430676,Streptococcus pneumoniae
NA,0.145441835,Cutibacterium acnes
NA,0.14533791,Streptococcus pneumoniae
NA,0.144439937,Streptococcus pneumoniae
NA,0.144215492,Streptococcus pneumoniae
NA,0.144085921,Cutibacterium acnes
NA,0.144041494,Escherichia coli
NA,0.143310299,Streptococcus pneumoniae
NA,0.143092444,Haemophilus influenzae
NA,0.142555298,Escherichia coli
NA,0.141891001,Prevotella nanceiensis
NA,0.14175139,Corynebacterium simulans
NA,0.141100904,Streptococcus pneumoniae
NA,0.139863586,Streptococcus pneumoniae
NA,0.139551192,Cutibacterium acnes
NA,0.139180657,Moraxella catarrhalis
NA,0.138844675,Streptococcus pneumoniae
NA,0.138834587,Escherichia coli
NA,0.137850297,Haemophilus influenzae
NA,0.137494368,Streptococcus pneumoniae
NA,0.137075175,Haemophilus influenzae
NA,0.136571089,Cutibacterium acnes
NA,0.136508643,Moraxella catarrhalis
NA,0.136165973,Cutibacterium acnes
NA,0.135963272,Cutibacterium acnes
NA,0.135876992,Moraxella catarrhalis
NA,0.135176496,Moraxella nonliquefaciens
NA,0.134983256,Moraxella catarrhalis
NA,0.133894556,Moraxella catarrhalis
NA,0.132199178,Moraxella nonliquefaciens
NA,0.132108533,Corynebacterium simulans
NA,0.131346465,Cutibacterium acnes
NA,0.130696958,Moraxella catarrhalis
NA,0.12980268,Corynebacterium simulans
NA,0.129000518,Streptococcus pneumoniae
NA,0.127210045,Cutibacterium acnes
NA,0.126898508,Corynebacterium simulans
NA,0.126475286,Corynebacterium simulans
NA,0.125776631,Haemophilus influenzae
NA,0.125430425,Moraxella catarrhalis
NA,0.125371037,Streptococcus mitis
NA,0.12455843,Prevotella melaninogenica
NA,0.123713578,Moraxella nonliquefaciens
NA,0.123660867,Streptococcus pneumoniae
NA,0.122902616,Moraxella catarrhalis
NA,0.121670291,Streptococcus pneumoniae
NA,0.120974563,Escherichia coli
NA,0.120513036,Moraxella catarrhalis
NA,0.120376218,Streptococcus pneumoniae
NA,0.11972793,Streptococcus pneumoniae
NA,0.119572656,Streptococcus pneumoniae
NA,0.119406693,Streptococcus pneumoniae
NA,0.119181903,Cutibacterium acnes
NA,0.119094658,Moraxella catarrhalis
NA,0.118431069,Prevotella nanceiensis
NA,0.118176847,Cutibacterium acnes
NA,0.117922877,Corynebacterium simulans
NA,0.117235396,Haemophilus influenzae
NA,0.117129332,Streptococcus pneumoniae
NA,0.116329943,Streptococcus pneumoniae
NA,0.115313464,Corynebacterium simulans
NA,0.115310301,Moraxella nonliquefaciens
NA,0.114595873,Streptococcus pneumoniae
NA,0.114044742,Moraxella catarrhalis
NA,0.113666589,Escherichia coli
NA,0.113478562,Corynebacterium simulans
NA,0.112689599,Corynebacterium simulans
NA,0.112256485,Escherichia coli
NA,0.111458586,Haemophilus influenzae
NA,0.111265586,Prevotella melaninogenica
NA,0.11112244,Cutibacterium acnes
NA,0.111095128,Prevotella nanceiensis
NA,0.111066336,Moraxella nonliquefaciens
NA,0.111055042,Cutibacterium acnes
NA,0.110786522,Cutibacterium acnes
NA,0.110673563,Cutibacterium acnes
NA,0.110564376,Streptococcus pneumoniae
NA,0.11052032,Haemophilus influenzae
NA,0.109847679,Moraxella catarrhalis
NA,0.108618692,Cutibacterium acnes
NA,0.108347522,Corynebacterium simulans
NA,0.107433805,Corynebacterium simulans
NA,0.107138559,Streptococcus pneumoniae
NA,0.106788003,Escherichia coli
NA,0.106330122,Corynebacterium simulans
NA,0.105068458,Corynebacterium simulans
NA,0.104631476,Corynebacterium simulans
NA,0.104411695,Corynebacterium simulans
NA,0.104076501,Cutibacterium acnes
NA,0.103135742,Escherichia coli
NA,0.102916521,Escherichia coli
NA,0.100930461,Corynebacterium simulans
NA,0.100688956,Corynebacterium simulans
NA,0.100673178,Cutibacterium acnes
NA,0.100430191,Streptococcus pneumoniae
NA,0.100281584,Haemophilus influenzae
NA,0.099801285,Cutibacterium acnes
NA,0.099596974,Corynebacterium simulans
NA,0.098901062,Streptococcus pneumoniae
NA,0.098408024,Streptococcus pneumoniae
NA,0.0980098,Streptococcus pneumoniae
NA,0.09644563,Corynebacterium simulans
NA,0.096417568,Escherichia coli
NA,0.095164827,Moraxella nonliquefaciens
NA,0.094236724,Prevotella melaninogenica
NA,0.093931176,Cutibacterium acnes
NA,0.09333416,Haemophilus influenzae
NA,0.092949357,Prevotella melaninogenica
NA,0.092739715,Streptococcus pneumoniae
NA,0.092519825,Escherichia coli
NA,0.09243151,Cutibacterium acnes
NA,0.092011304,Streptococcus pneumoniae
NA,0.091897827,Streptococcus mitis
NA,0.091870742,Corynebacterium simulans
NA,0.091842956,Escherichia coli
NA,0.091628864,Cutibacterium acnes
NA,0.090796006,Cutibacterium acnes
NA,0.090521033,Cutibacterium acnes
NA,0.090391968,Moraxella catarrhalis
NA,0.089852653,Corynebacterium simulans
NA,0.089782531,Moraxella nonliquefaciens
NA,0.089752384,Streptococcus pneumoniae
NA,0.0897334,Haemophilus influenzae
NA,0.089316454,Escherichia coli
NA,0.08898104,Streptococcus pneumoniae
NA,0.088755557,Corynebacterium simulans
NA,0.088137657,Streptococcus pneumoniae
NA,0.087780972,Haemophilus influenzae
NA,0.087702324,Streptococcus pneumoniae
NA,0.087616112,Corynebacterium simulans
NA,0.087325852,Prevotella melaninogenica
NA,0.087229809,Cutibacterium acnes
NA,0.08711771,Corynebacterium simulans
NA,0.087091343,Streptococcus pneumoniae
NA,0.087057449,Corynebacterium simulans
NA,0.087054245,Moraxella catarrhalis
NA,0.086553129,Haemophilus influenzae
NA,0.086150214,Escherichia coli
NA,0.085636289,Moraxella nonliquefaciens
NA,0.085539552,Cutibacterium acnes
NA,0.085352943,Cutibacterium acnes
NA,0.085204171,Streptococcus pneumoniae
NA,0.085096045,Escherichia coli
NA,0.084944716,Moraxella catarrhalis
NA,0.084889204,Streptococcus pneumoniae
NA,0.084477486,Moraxella catarrhalis
NA,0.084182881,Escherichia coli
NA,0.084111385,Streptococcus pneumoniae
NA,0.083580832,Moraxella nonliquefaciens
NA,0.083320031,Cutibacterium acnes
NA,0.083148908,Corynebacterium simulans
NA,0.082915854,Streptococcus pneumoniae
NA,0.082693743,Corynebacterium simulans
NA,0.082443688,Prevotella nanceiensis
NA,0.08243262,Streptococcus pneumoniae
NA,0.081352118,Cutibacterium acnes
NA,0.081168734,Cutibacterium acnes
NA,0.080761473,Cutibacterium acnes
NA,0.080361,Cutibacterium acnes
NA,0.080172293,Moraxella catarrhalis
NA,0.079929172,Moraxella catarrhalis
NA,0.079807538,Streptococcus pneumoniae
NA,0.079057242,Moraxella nonliquefaciens
NA,0.078118036,Escherichia coli
NA,0.077060984,Streptococcus pneumoniae
NA,0.075700329,Cutibacterium acnes
NA,0.074568639,Moraxella catarrhalis
NA,0.074536624,Corynebacterium simulans
NA,0.074473293,Streptococcus pneumoniae
NA,0.074445371,Prevotella melaninogenica
NA,0.07360845,Cutibacterium acnes
NA,0.073601037,Escherichia coli
NA,0.073385811,Cutibacterium acnes
NA,0.073326327,Escherichia coli
NA,0.072880691,Moraxella nonliquefaciens
NA,0.071598655,Moraxella nonliquefaciens
NA,0.071509602,Cutibacterium acnes
NA,0.071373182,Corynebacterium simulans
NA,0.071304961,Escherichia coli
NA,0.071188759,Escherichia coli
NA,0.070943026,Cutibacterium acnes
NA,0.07060139,Moraxella nonliquefaciens
NA,0.070460735,Haemophilus influenzae
NA,0.069732272,Cutibacterium acnes
NA,0.069650138,Escherichia coli
NA,0.069272052,Corynebacterium simulans
NA,0.069241088,Moraxella catarrhalis
NA,0.06885681,Corynebacterium simulans
NA,0.06855504,Moraxella nonliquefaciens
NA,0.068425239,Cutibacterium acnes
NA,0.067966812,Corynebacterium simulans
NA,0.067736828,Moraxella catarrhalis
NA,0.06771431,Moraxella nonliquefaciens
NA,0.067584915,Cutibacterium acnes
NA,0.067554173,Corynebacterium simulans
NA,0.066871877,Streptococcus pneumoniae
NA,0.066826129,Corynebacterium simulans
NA,0.066298801,Escherichia coli
NA,0.066209003,Corynebacterium simulans
NA,0.065526209,Cutibacterium acnes
NA,0.065201298,Cutibacterium acnes
NA,0.0648392,Corynebacterium simulans
NA,0.064563448,Streptococcus mitis
NA,0.064359581,Haemophilus influenzae
NA,0.064131865,Cutibacterium acnes
NA,0.063597029,Prevotella melaninogenica
NA,0.06359001,Cutibacterium acnes
NA,0.063352052,Haemophilus influenzae
NA,0.062820248,Corynebacterium simulans
NA,0.062697288,Moraxella catarrhalis
NA,0.062335793,Escherichia coli
NA,0.062103383,Corynebacterium simulans
NA,0.061922486,Streptococcus pneumoniae
NA,0.061597672,Corynebacterium simulans
NA,0.061429532,Prevotella nanceiensis
NA,0.061365531,Corynebacterium simulans
NA,0.061218332,Cutibacterium acnes
NA,0.060949812,Escherichia coli
NA,0.060764898,Corynebacterium simulans
NA,0.060316984,Moraxella catarrhalis
NA,0.060187965,Escherichia coli
NA,0.060035756,Prevotella melaninogenica
NA,0.059956804,Corynebacterium simulans
NA,0.059703553,Escherichia coli
NA,0.059538713,Cutibacterium acnes
NA,0.059450749,Prevotella nanceiensis
NA,0.059424606,Haemophilus influenzae
NA,0.059424428,Corynebacterium simulans
NA,0.058972277,Streptococcus mitis
NA,0.058542142,Escherichia coli
NA,0.058216152,Streptococcus pneumoniae
NA,0.058080003,Moraxella catarrhalis
NA,0.057885067,Corynebacterium simulans
NA,0.057716591,Corynebacterium simulans
NA,0.056790892,Streptococcus pneumoniae
NA,0.056317575,Moraxella nonliquefaciens
NA,0.056139401,Cutibacterium acnes
NA,0.05613354,Corynebacterium simulans
NA,0.056125011,Corynebacterium simulans
NA,0.055802016,Escherichia coli
NA,0.055729594,Moraxella catarrhalis
NA,0.055657171,Streptococcus pneumoniae
NA,0.055480618,Moraxella nonliquefaciens
NA,0.054980989,Escherichia coli
NA,0.054898269,Escherichia coli
NA,0.05487254,Haemophilus influenzae
NA,0.054834941,Moraxella catarrhalis
NA,0.05461843,Moraxella catarrhalis
NA,0.054603376,Moraxella catarrhalis
NA,0.054591199,Escherichia coli
NA,0.054451622,Corynebacterium simulans
NA,0.054330547,Moraxella catarrhalis
NA,0.054296666,Corynebacterium simulans
NA,0.054259893,Escherichia coli
NA,0.054164771,Escherichia coli
NA,0.054079529,Moraxella catarrhalis
NA,0.053991555,Cutibacterium acnes
NA,0.053894851,Cutibacterium acnes
NA,0.053792238,Escherichia coli
NA,0.053545298,Streptococcus pneumoniae
NA,0.053499628,Moraxella nonliquefaciens
NA,0.053359412,Haemophilus influenzae
NA,0.053302192,Streptococcus pneumoniae
NA,0.053274317,Prevotella nanceiensis
NA,0.053015489,Corynebacterium simulans
NA,0.052907887,Haemophilus influenzae
NA,0.052608569,Streptococcus pneumoniae
NA,0.052294334,Streptococcus pneumoniae
NA,0.052280546,Prevotella melaninogenica
NA,0.051883038,Streptococcus pneumoniae
NA,0.051741631,Escherichia coli
NA,0.051406498,Moraxella catarrhalis
NA,0.051127015,Escherichia coli
NA,0.050741684,Moraxella catarrhalis
NA,0.050442255,Moraxella catarrhalis
NA,0.050295083,Prevotella melaninogenica
NA,0.050208236,Moraxella catarrhalis
NA,0.050125438,Prevotella melaninogenica
NA,0.049869836,Moraxella catarrhalis
NA,0.049800743,Escherichia coli
NA,0.049644666,Escherichia coli
NA,0.049582884,Prevotella nanceiensis
NA,0.048723659,Escherichia coli
NA,0.048699212,Haemophilus influenzae
NA,0.048296121,Corynebacterium simulans
NA,0.048258323,Streptococcus pneumoniae
NA,0.047937344,Streptococcus pneumoniae
NA,0.047849978,Cutibacterium acnes
NA,0.047660501,Haemophilus influenzae
NA,0.047349904,Streptococcus mitis
NA,0.047194275,Corynebacterium simulans
NA,0.046966796,Streptococcus pneumoniae
NA,0.046911647,Cutibacterium acnes
NA,0.046653148,Streptococcus pneumoniae
NA,0.046606178,Streptococcus pneumoniae
NA,0.046592272,Moraxella catarrhalis
NA,0.046243859,Streptococcus pneumoniae
NA,0.04515781,Streptococcus mitis
NA,0.044940993,Escherichia coli
NA,0.044569497,Streptococcus mitis
NA,0.044486742,Streptococcus pneumoniae
NA,0.04438833,Corynebacterium simulans
NA,0.044378073,Haemophilus influenzae
NA,0.044359832,Escherichia coli
NA,0.044318431,Corynebacterium simulans
NA,0.04426373,Streptococcus pneumoniae
NA,0.044240002,Prevotella nanceiensis
NA,0.04408877,Streptococcus mitis
NA,0.04388317,Cutibacterium acnes
NA,0.043724612,Corynebacterium simulans
NA,0.043683173,Corynebacterium simulans
NA,0.043621681,Streptococcus mitis
NA,0.04267464,Moraxella catarrhalis
NA,0.042345024,Cutibacterium acnes
NA,0.042325713,Prevotella melaninogenica
NA,0.042193693,Corynebacterium simulans
NA,0.041516035,Escherichia coli
NA,0.041394754,Streptococcus pneumoniae
NA,0.041045216,Escherichia coli
NA,0.04098566,Corynebacterium simulans
NA,0.040889706,Haemophilus influenzae
NA,0.040870446,Moraxella catarrhalis
NA,0.040804544,Corynebacterium simulans
NA,0.040794918,Prevotella melaninogenica
NA,0.040425244,Escherichia coli
NA,0.040199837,Cutibacterium acnes
NA,0.040112314,Escherichia coli
NA,0.040017179,Corynebacterium simulans
NA,0.039781868,Prevotella nanceiensis
NA,0.039624661,Corynebacterium simulans
NA,0.039257072,Streptococcus pneumoniae
NA,0.039241685,Streptococcus mitis
NA,0.039077911,Corynebacterium simulans
NA,0.038711119,Streptococcus mitis
NA,0.038599319,Escherichia coli
NA,0.038327607,Moraxella catarrhalis
NA,0.038099248,Moraxella catarrhalis
NA,0.037963987,Haemophilus influenzae
NA,0.037921189,Moraxella nonliquefaciens
NA,0.03773747,Cutibacterium acnes
NA,0.037659523,Streptococcus pneumoniae
NA,0.037562298,Streptococcus pneumoniae
NA,0.037383374,Cutibacterium acnes
NA,0.037342617,Moraxella catarrhalis
NA,0.037218344,Corynebacterium simulans
NA,0.037108123,Cutibacterium acnes
NA,0.037017342,Escherichia coli
NA,0.036876072,Streptococcus pneumoniae
NA,0.036572956,Haemophilus influenzae
NA,0.036474226,Prevotella nanceiensis
NA,0.03646116,Haemophilus influenzae
NA,0.036373026,Prevotella melaninogenica
NA,0.035977043,Streptococcus mitis
NA,0.035945258,Streptococcus pneumoniae
NA,0.035729889,Prevotella melaninogenica
NA,0.035706973,Corynebacterium simulans
NA,0.035602865,Streptococcus mitis
NA,0.034787611,Moraxella catarrhalis
NA,0.03478173,Corynebacterium simulans
NA,0.03474494,Corynebacterium simulans
NA,0.034687674,Corynebacterium simulans
NA,0.034486855,Moraxella nonliquefaciens
NA,0.034419128,Moraxella nonliquefaciens
NA,0.034306178,Moraxella nonliquefaciens
NA,0.034090681,Streptococcus pneumoniae
NA,0.034077148,Streptococcus pneumoniae
NA,0.033973124,Escherichia coli
NA,0.033887273,Moraxella catarrhalis
NA,0.033708028,Moraxella catarrhalis
NA,0.033646064,Haemophilus influenzae
NA,0.033561251,Escherichia coli
NA,0.03349644,Cutibacterium acnes
NA,0.033326114,Corynebacterium simulans
NA,0.033270414,Corynebacterium simulans
NA,0.03313991,Haemophilus influenzae
NA,0.033106858,Haemophilus influenzae
NA,0.032953874,Haemophilus influenzae
NA,0.03287848,Prevotella nanceiensis
NA,0.032707315,Escherichia coli
NA,0.032629064,Escherichia coli
NA,0.03232441,Escherichia coli
NA,0.032299451,Moraxella nonliquefaciens
NA,0.032294936,Moraxella catarrhalis
NA,0.032263832,Streptococcus pneumoniae
NA,0.032151297,Corynebacterium simulans
NA,0.032000232,Corynebacterium simulans
NA,0.03194814,Escherichia coli
NA,0.03191619,Escherichia coli
NA,0.031912408,Moraxella nonliquefaciens
NA,0.031827586,Prevotella melaninogenica
NA,0.031353254,Corynebacterium simulans
NA,0.031352769,Corynebacterium simulans
NA,0.031318808,Escherichia coli
NA,0.031188429,Cutibacterium acnes
NA,0.031059481,Corynebacterium simulans
NA,0.030883132,Prevotella melaninogenica
NA,0.030824232,Escherichia coli
NA,0.030795505,Escherichia coli
NA,0.030452336,Moraxella catarrhalis
NA,0.030180442,Corynebacterium simulans
NA,0.030103482,Moraxella catarrhalis
NA,0.029990118,Cutibacterium acnes
NA,0.029880228,Moraxella catarrhalis
NA,0.029730193,Prevotella melaninogenica
NA,0.029564379,Streptococcus mitis
NA,0.029556104,Streptococcus mitis
NA,0.029367018,Escherichia coli
NA,0.029361163,Haemophilus influenzae
NA,0.029335587,Moraxella nonliquefaciens
NA,0.029191928,Cutibacterium acnes
NA,0.029032098,Cutibacterium acnes
NA,0.028851723,Corynebacterium simulans
NA,0.028697563,Corynebacterium simulans
NA,0.028614911,Corynebacterium simulans
NA,0.028544014,Cutibacterium acnes
NA,0.028533157,Streptococcus mitis
NA,0.028406471,Corynebacterium simulans
NA,0.028291242,Escherichia coli
NA,0.028287738,Escherichia coli
NA,0.028235266,Cutibacterium acnes
NA,0.028093424,Streptococcus mitis
NA,0.028003251,Cutibacterium acnes
NA,0.027886994,Corynebacterium simulans
NA,0.027861549,Corynebacterium simulans
NA,0.027828837,Cutibacterium acnes
NA,0.027817375,Cutibacterium acnes
NA,0.027788965,Corynebacterium simulans
NA,0.027719659,Moraxella nonliquefaciens
NA,0.027675155,Corynebacterium simulans
NA,0.027576997,Escherichia coli
NA,0.027447131,Escherichia coli
NA,0.027319123,Cutibacterium acnes
NA,0.026875907,Streptococcus pneumoniae
NA,0.026865436,Moraxella nonliquefaciens
NA,0.026677241,Corynebacterium simulans
NA,0.026629121,Escherichia coli
NA,0.026598729,Prevotella melaninogenica
NA,0.026513668,Corynebacterium simulans
NA,0.026081669,Escherichia coli
NA,0.025974907,Corynebacterium simulans
NA,0.02587017,Moraxella nonliquefaciens
NA,0.02582822,Cutibacterium acnes
NA,0.025745687,Streptococcus pneumoniae
NA,0.025721336,Streptococcus pneumoniae
NA,0.025689908,Cutibacterium acnes
NA,0.025594248,Streptococcus mitis
NA,0.025589804,Streptococcus mitis
NA,0.025562656,Escherichia coli
NA,0.025544909,Corynebacterium simulans
NA,0.025520384,Moraxella catarrhalis
NA,0.025429234,Prevotella melaninogenica
NA,0.025325758,Streptococcus pneumoniae
NA,0.025276128,Moraxella catarrhalis
NA,0.025220636,Moraxella nonliquefaciens
NA,0.025114811,Streptococcus pneumoniae
NA,0.02507012,Haemophilus influenzae
NA,0.025006205,Corynebacterium simulans
NA,0.024968594,Escherichia coli
NA,0.024858681,Streptococcus pneumoniae
NA,0.024595715,Streptococcus mitis
NA,0.024444209,Moraxella catarrhalis
NA,0.024290746,Prevotella melaninogenica
NA,0.024222085,Prevotella nanceiensis
NA,0.024155642,Escherichia coli
NA,0.024114435,Escherichia coli
NA,0.024108313,Corynebacterium simulans
NA,0.024066846,Cutibacterium acnes
NA,0.023906245,Escherichia coli
NA,0.023751829,Corynebacterium simulans
NA,0.023636957,Corynebacterium simulans
NA,0.0235404,Escherichia coli
NA,0.023392499,Corynebacterium simulans
NA,0.023278051,Prevotella melaninogenica
NA,0.023143814,Prevotella nanceiensis
NA,0.023094505,Escherichia coli
NA,0.023091949,Moraxella nonliquefaciens
NA,0.022758981,Escherichia coli
NA,0.022747719,Cutibacterium acnes
NA,0.022711774,Haemophilus influenzae
NA,0.0225474,Streptococcus mitis
NA,0.022463558,Corynebacterium simulans
NA,0.022409577,Escherichia coli
NA,0.022354459,Streptococcus pneumoniae
NA,0.022227976,Streptococcus pneumoniae
NA,0.021942331,Streptococcus mitis
NA,0.021839007,Corynebacterium simulans
NA,0.021828682,Prevotella melaninogenica
NA,0.021464516,Streptococcus pneumoniae
NA,0.021404719,Streptococcus mitis
NA,0.021368387,Moraxella catarrhalis
NA,0.021234993,Corynebacterium simulans
NA,0.021080833,Escherichia coli
NA,0.020973084,Escherichia coli
NA,0.020840103,Escherichia coli
NA,0.020792344,Cutibacterium acnes
NA,0.020777079,Streptococcus mitis
NA,0.020761549,Cutibacterium acnes
NA,0.020635406,Moraxella catarrhalis
NA,0.020478094,Escherichia coli
NA,0.020400322,Streptococcus pneumoniae
NA,0.020270188,Escherichia coli
NA,0.020211078,Escherichia coli
NA,0.020209135,Cutibacterium acnes
NA,0.020140849,Streptococcus pneumoniae
NA,0.020134839,Cutibacterium acnes
NA,0.020095363,Haemophilus influenzae
NA,0.020020609,Corynebacterium simulans
NA,0.019646825,Corynebacterium simulans
NA,0.019578736,Streptococcus mitis
NA,0.019452252,Escherichia coli
NA,0.019325552,Streptococcus pneumoniae
NA,0.019277867,Streptococcus mitis
NA,0.019263852,Escherichia coli
NA,0.019235577,Moraxella nonliquefaciens
NA,0.019208957,Haemophilus influenzae
NA,0.019118587,Prevotella nanceiensis
NA,0.019116815,Prevotella melaninogenica
NA,0.019098766,Streptococcus mitis
NA,0.019072426,Escherichia coli
NA,0.01899774,Escherichia coli
NA,0.01899245,Corynebacterium simulans
NA,0.018980309,Escherichia coli
NA,0.018949152,Corynebacterium simulans
NA,0.018936888,Streptococcus pneumoniae
NA,0.018914255,Cutibacterium acnes
NA,0.01882738,Prevotella nanceiensis
NA,0.018713002,Prevotella nanceiensis
NA,0.018621496,Prevotella nanceiensis
NA,0.018456945,Escherichia coli
NA,0.018358859,Escherichia coli
NA,0.018346673,Streptococcus mitis
NA,0.018314915,Haemophilus influenzae
NA,0.018220104,Prevotella melaninogenica
NA,0.018171405,Cutibacterium acnes
NA,0.018168221,Streptococcus pneumoniae
NA,0.018076932,Streptococcus pneumoniae
NA,0.018063933,Streptococcus pneumoniae
NA,0.017992686,Prevotella melaninogenica
NA,0.017652404,Streptococcus pneumoniae
NA,0.017487947,Streptococcus mitis
NA,0.017451628,Moraxella nonliquefaciens
NA,0.017444814,Escherichia coli
NA,0.017408548,Prevotella nanceiensis
NA,0.01739085,Streptococcus pneumoniae
NA,0.017330577,Prevotella nanceiensis
NA,0.017184075,Streptococcus pneumoniae
NA,0.017081997,Moraxella nonliquefaciens
NA,0.017053161,Cutibacterium acnes
NA,0.01702384,Streptococcus mitis
NA,0.016855663,Escherichia coli
NA,0.016825014,Streptococcus mitis
NA,0.016808222,Escherichia coli
NA,0.016803042,Corynebacterium simulans
NA,0.016792989,Moraxella catarrhalis
NA,0.016719927,Streptococcus mitis
NA,0.016646168,Corynebacterium simulans
NA,0.016586132,Cutibacterium acnes
NA,0.016467623,Moraxella catarrhalis
NA,0.016384954,Corynebacterium simulans
NA,0.016363083,Streptococcus mitis
NA,0.016344212,Prevotella nanceiensis
NA,0.016286647,Corynebacterium simulans
NA,0.016253842,Corynebacterium simulans
NA,0.016251042,Moraxella nonliquefaciens
NA,0.016225608,Corynebacterium simulans
NA,0.016202642,Escherichia coli
NA,0.016196017,Moraxella nonliquefaciens
NA,0.016155383,Streptococcus mitis
NA,0.016136178,Cutibacterium acnes
NA,0.01611594,Escherichia coli
NA,0.016094171,Corynebacterium simulans
NA,0.016090869,Prevotella melaninogenica
NA,0.016016323,Moraxella nonliquefaciens
NA,0.015867156,Haemophilus influenzae
NA,0.015809405,Corynebacterium simulans
NA,0.015789605,Cutibacterium acnes
NA,0.015788984,Escherichia coli
NA,0.015764034,Cutibacterium acnes
NA,0.01573403,Prevotella nanceiensis
NA,0.015661879,Prevotella nanceiensis
NA,0.015639402,Streptococcus mitis
NA,0.015639098,Escherichia coli
NA,0.015604328,Streptococcus pneumoniae
NA,0.015602774,Streptococcus mitis
NA,0.015584858,Cutibacterium acnes
NA,0.015569615,Streptococcus mitis
NA,0.015549298,Cutibacterium acnes
NA,0.015490115,Corynebacterium simulans
NA,0.015358721,Escherichia coli
NA,0.015310344,Escherichia coli
NA,0.015282428,Escherichia coli
NA,0.015278877,Streptococcus mitis
NA,0.015261025,Haemophilus influenzae
NA,0.015247494,Streptococcus mitis
NA,0.015219974,Streptococcus mitis
NA,0.015114151,Moraxella nonliquefaciens
NA,0.015030352,Corynebacterium simulans
NA,0.014854818,Cutibacterium acnes
NA,0.014579942,Prevotella melaninogenica
NA,0.0145052,Streptococcus mitis
NA,0.0144867,Streptococcus mitis
NA,0.014440422,Streptococcus mitis
NA,0.014403429,Corynebacterium simulans
NA,0.014252218,Streptococcus mitis
NA,0.014231482,Prevotella nanceiensis
NA,0.014196672,Haemophilus influenzae
NA,0.013981292,Prevotella melaninogenica
NA,0.013967001,Prevotella nanceiensis
NA,0.013903576,Cutibacterium acnes
NA,0.013823281,Escherichia coli
NA,0.013766771,Escherichia coli
NA,0.013758168,Prevotella nanceiensis
NA,0.013726884,Escherichia coli
NA,0.013671038,Cutibacterium acnes
NA,0.013641006,Haemophilus influenzae
NA,0.013606808,Haemophilus influenzae
NA,0.013500497,Streptococcus pneumoniae
NA,0.013481683,Moraxella nonliquefaciens
NA,0.013477332,Corynebacterium simulans
NA,0.013476443,Haemophilus influenzae
NA,0.013401787,Corynebacterium simulans
NA,0.013387031,Escherichia coli
NA,0.013349656,Streptococcus pneumoniae
NA,0.013331033,Streptococcus mitis
NA,0.013284439,Streptococcus pneumoniae
NA,0.013266876,Haemophilus influenzae
NA,0.013247309,Escherichia coli
NA,0.013217476,Streptococcus pneumoniae
NA,0.013208168,Cutibacterium acnes
NA,0.013193321,Prevotella melaninogenica
NA,0.01319288,Streptococcus mitis
NA,0.013166485,Streptococcus pneumoniae
NA,0.013162382,Corynebacterium simulans
NA,0.013146484,Streptococcus mitis
NA,0.013035046,Moraxella catarrhalis
NA,0.012970932,Corynebacterium simulans
NA,0.01289001,Corynebacterium simulans
NA,0.012879169,Corynebacterium simulans
NA,0.012836409,Cutibacterium acnes
NA,0.012832312,Escherichia coli
NA,0.012820502,Escherichia coli
NA,0.012775471,Streptococcus pneumoniae
NA,0.012768872,Corynebacterium simulans
NA,0.012698671,Corynebacterium simulans
NA,0.012664204,Moraxella catarrhalis
NA,0.012660553,Haemophilus influenzae
NA,0.012640898,Escherichia coli
NA,0.012608865,Prevotella nanceiensis
NA,0.012592018,Cutibacterium acnes
NA,0.012506079,Streptococcus mitis
NA,0.012502746,Prevotella melaninogenica
NA,0.012480186,Streptococcus mitis
NA,0.012453044,Escherichia coli
NA,0.012432712,Prevotella nanceiensis
NA,0.012348929,Streptococcus pneumoniae
NA,0.01231454,Streptococcus pneumoniae
NA,0.012266187,Escherichia coli
NA,0.012223191,Escherichia coli
NA,0.012197333,Cutibacterium acnes
NA,0.012024323,Cutibacterium acnes
NA,0.011737306,Corynebacterium simulans
NA,0.01172006,Moraxella catarrhalis
NA,0.011686941,Corynebacterium simulans
NA,0.011684837,Escherichia coli
NA,0.011678633,Corynebacterium simulans
NA,0.011656305,Escherichia coli
NA,0.011583822,Streptococcus mitis
NA,0.011436959,Streptococcus mitis
NA,0.011397188,Escherichia coli
NA,0.011322763,Moraxella catarrhalis
NA,0.011248906,Corynebacterium simulans
NA,0.011244355,Escherichia coli
NA,0.01120494,Corynebacterium simulans
NA,0.011196339,Prevotella melaninogenica
NA,0.011185192,Escherichia coli
NA,0.011038938,Corynebacterium simulans
NA,0.011012186,Streptococcus mitis
NA,0.010987283,Prevotella melaninogenica
NA,0.010939318,Streptococcus mitis
NA,0.010845642,Streptococcus pneumoniae
NA,0.010675217,Prevotella nanceiensis
NA,0.010625946,Escherichia coli
NA,0.010597593,Cutibacterium acnes
NA,0.010458974,Escherichia coli
NA,0.01045669,Escherichia coli
NA,0.010435792,Streptococcus mitis
NA,0.010371658,Prevotella nanceiensis
NA,0.010352953,Streptococcus mitis
NA,0.010317951,Corynebacterium simulans
NA,0.010284632,Corynebacterium simulans
NA,0.010271434,Streptococcus pneumoniae
NA,0.01025954,Haemophilus influenzae
NA,0.010214934,Prevotella melaninogenica
NA,0.010159198,Escherichia coli
NA,0.010150816,Corynebacterium simulans
NA,0.010145284,Streptococcus mitis
NA,0.010124887,Streptococcus mitis
NA,0.01006236,Moraxella catarrhalis
NA,0.010049357,Streptococcus mitis
NA,0.010004659,Moraxella nonliquefaciens
NA,0.00996688,Streptococcus mitis
NA,0.009944083,Streptococcus pneumoniae
NA,0.009927008,Moraxella catarrhalis
NA,0.009822236,Haemophilus influenzae
NA,0.009812318,Cutibacterium acnes
NA,0.009767262,Moraxella nonliquefaciens
NA,0.009661778,Prevotella nanceiensis
NA,0.009657859,Moraxella catarrhalis
NA,0.00963654,Streptococcus mitis
NA,0.009562849,Corynebacterium simulans
NA,0.009560771,Cutibacterium acnes
NA,0.009512804,Cutibacterium acnes
NA,0.009512054,Prevotella nanceiensis
NA,0.00947176,Moraxella nonliquefaciens
NA,0.009431297,Moraxella nonliquefaciens
NA,0.009395756,Streptococcus mitis
NA,0.009345534,Escherichia coli
NA,0.009311828,Cutibacterium acnes
NA,0.009309192,Cutibacterium acnes
NA,0.009296449,Prevotella melaninogenica
NA,0.009239806,Corynebacterium simulans
NA,0.00923567,Prevotella melaninogenica
NA,0.009199699,Cutibacterium acnes
NA,0.009194178,Streptococcus mitis
NA,0.009091862,Streptococcus mitis
NA,0.009021294,Cutibacterium acnes
NA,0.0090211,Escherichia coli
NA,0.009019124,Moraxella catarrhalis
NA,0.00896671,Escherichia coli
NA,0.008955507,Moraxella catarrhalis
NA,0.008872279,Escherichia coli
NA,0.008865749,Cutibacterium acnes
NA,0.008813596,Streptococcus mitis
NA,0.008768321,Moraxella catarrhalis
NA,0.008716729,Escherichia coli
NA,0.00867247,Moraxella catarrhalis
NA,0.00866125,Cutibacterium acnes
NA,0.008654355,Streptococcus mitis
NA,0.008649582,Streptococcus mitis
NA,0.008638001,Escherichia coli
NA,0.008633466,Corynebacterium simulans
NA,0.00857042,Moraxella nonliquefaciens
NA,0.008533849,Moraxella catarrhalis
NA,0.008507956,Corynebacterium simulans
NA,0.008493509,Prevotella nanceiensis
NA,0.008478177,Streptococcus mitis
NA,0.008450806,Prevotella nanceiensis
NA,0.008355848,Streptococcus mitis
NA,0.008334049,Streptococcus mitis
NA,0.00832927,Haemophilus influenzae
NA,0.008300942,Escherichia coli
NA,0.008288048,Cutibacterium acnes
NA,0.008284273,Cutibacterium acnes
NA,0.008242467,Moraxella nonliquefaciens
NA,0.008227302,Escherichia coli
NA,0.008215874,Corynebacterium simulans
NA,0.008155151,Corynebacterium simulans
NA,0.008145051,Corynebacterium simulans
NA,0.008113373,Corynebacterium simulans
NA,0.008099674,Prevotella nanceiensis
NA,0.008055086,Corynebacterium simulans
NA,0.008049237,Haemophilus influenzae
NA,0.008048399,Streptococcus pneumoniae
NA,0.008045893,Moraxella catarrhalis
NA,0.008006912,Cutibacterium acnes
NA,0.007985759,Moraxella catarrhalis
NA,0.007949201,Streptococcus pneumoniae
NA,0.007948899,Streptococcus pneumoniae
NA,0.007947127,Streptococcus mitis
NA,0.007937859,Haemophilus influenzae
NA,0.007936657,Cutibacterium acnes
NA,0.007931421,Moraxella catarrhalis
NA,0.007928646,Moraxella catarrhalis
NA,0.007905754,Moraxella nonliquefaciens
NA,0.007905603,Corynebacterium simulans
NA,0.007890683,Cutibacterium acnes
NA,0.007879805,Escherichia coli
NA,0.007870075,Streptococcus pneumoniae
NA,0.007799301,Escherichia coli
NA,0.007792229,Cutibacterium acnes
NA,0.007747342,Cutibacterium acnes
NA,0.007736349,Prevotella melaninogenica
NA,0.007719091,Streptococcus mitis
NA,0.007716794,Haemophilus influenzae
NA,0.007692701,Streptococcus pneumoniae
NA,0.007627207,Prevotella melaninogenica
NA,0.007613312,Streptococcus pneumoniae
NA,0.007606654,Escherichia coli
NA,0.007576676,Cutibacterium acnes
NA,0.007576527,Moraxella catarrhalis
NA,0.007558094,Cutibacterium acnes
NA,0.007507796,Moraxella catarrhalis
NA,0.007507302,Escherichia coli
NA,0.007466964,Escherichia coli
NA,0.007409056,Cutibacterium acnes
NA,0.007328772,Cutibacterium acnes
NA,0.007288965,Escherichia coli
NA,0.007258102,Haemophilus influenzae
NA,0.007245979,Cutibacterium acnes
NA,0.007194253,Cutibacterium acnes
NA,0.007134635,Escherichia coli
NA,0.007099437,Prevotella nanceiensis
NA,0.0069716,Corynebacterium simulans
NA,0.006964989,Cutibacterium acnes
NA,0.006947732,Cutibacterium acnes
NA,0.006928735,Streptococcus mitis
NA,0.006904136,Streptococcus mitis
NA,0.006901219,Prevotella nanceiensis
NA,0.006901113,Streptococcus mitis
NA,0.006811856,Cutibacterium acnes
NA,0.006794175,Escherichia coli
NA,0.006701542,Prevotella nanceiensis
NA,0.006693402,Prevotella nanceiensis
NA,0.006652896,Streptococcus pneumoniae
NA,0.006635232,Corynebacterium simulans
NA,0.006608535,Escherichia coli
NA,0.006598935,Prevotella melaninogenica
NA,0.006582691,Streptococcus mitis
NA,0.006573632,Haemophilus influenzae
NA,0.006573497,Streptococcus pneumoniae
NA,0.006538733,Corynebacterium simulans
NA,0.006532265,Haemophilus influenzae
NA,0.006517771,Prevotella nanceiensis
NA,0.006517175,Streptococcus mitis
NA,0.006441781,Cutibacterium acnes
NA,0.006419577,Corynebacterium simulans
NA,0.006409672,Corynebacterium simulans
NA,0.006381413,Haemophilus influenzae
NA,0.006360509,Streptococcus mitis
NA,0.006346025,Prevotella nanceiensis
NA,0.006333343,Moraxella nonliquefaciens
NA,0.006323586,Prevotella melaninogenica
NA,0.006309192,Cutibacterium acnes
NA,0.006239318,Cutibacterium acnes
NA,0.006222202,Moraxella nonliquefaciens
NA,0.00617271,Prevotella nanceiensis
NA,0.006159579,Haemophilus influenzae
NA,0.006121999,Prevotella melaninogenica
NA,0.006105245,Corynebacterium simulans
NA,0.006104671,Moraxella catarrhalis
NA,0.006087868,Cutibacterium acnes
NA,0.006072882,Streptococcus pneumoniae
NA,0.006072373,Escherichia coli
NA,0.006071849,Moraxella catarrhalis
NA,0.006043541,Streptococcus mitis
NA,0.006002905,Corynebacterium simulans
NA,0.005961135,Corynebacterium simulans
NA,0.005934255,Corynebacterium simulans
NA,0.005931326,Escherichia coli
NA,0.005925165,Corynebacterium simulans
NA,0.005909985,Cutibacterium acnes
NA,0.005892136,Cutibacterium acnes
NA,0.005844124,Prevotella nanceiensis
NA,0.005767294,Streptococcus pneumoniae
NA,0.005762402,Cutibacterium acnes
NA,0.005758504,Prevotella nanceiensis
NA,0.005745127,Prevotella melaninogenica
NA,0.005715009,Corynebacterium simulans
NA,0.005712443,Streptococcus mitis
NA,0.00570904,Streptococcus mitis
NA,0.005692609,Streptococcus mitis
NA,0.005675043,Escherichia coli
NA,0.005674642,Prevotella nanceiensis
NA,0.00567312,Cutibacterium acnes
NA,0.005635132,Prevotella melaninogenica
NA,0.005541395,Streptococcus mitis
NA,0.005537996,Escherichia coli
NA,0.005531261,Corynebacterium simulans
NA,0.005522969,Corynebacterium simulans
NA,0.005472593,Corynebacterium simulans
NA,0.005472272,Haemophilus influenzae
NA,0.005459359,Haemophilus influenzae
NA,0.005422157,Corynebacterium simulans
NA,0.005417476,Escherichia coli
NA,0.005354398,Moraxella catarrhalis
NA,0.005321654,Cutibacterium acnes
NA,0.005305617,Moraxella catarrhalis
NA,0.005277278,Cutibacterium acnes
NA,0.005228648,Streptococcus mitis
NA,0.005224868,Prevotella melaninogenica
NA,0.005193722,Prevotella melaninogenica
NA,0.00513662,Escherichia coli
NA,0.00513534,Streptococcus mitis
NA,0.005109686,Prevotella nanceiensis
NA,0.005099959,Corynebacterium simulans
NA,0.004990044,Streptococcus pneumoniae
NA,0.004981384,Streptococcus mitis
NA,0.004973936,Moraxella catarrhalis
NA,0.004967642,Streptococcus mitis
NA,0.004950135,Streptococcus mitis
NA,0.004918647,Corynebacterium simulans
NA,0.004918618,Streptococcus pneumoniae
NA,0.004883484,Streptococcus mitis
NA,0.004882928,Streptococcus mitis
NA,0.004860028,Moraxella nonliquefaciens
NA,0.004827416,Corynebacterium simulans
NA,0.004824526,Cutibacterium acnes
NA,0.004795591,Cutibacterium acnes
NA,0.004781084,Escherichia coli
NA,0.004766295,Corynebacterium simulans
NA,0.004730697,Escherichia coli
NA,0.004722931,Escherichia coli
NA,0.004715785,Escherichia coli
NA,0.004675168,Cutibacterium acnes
NA,0.004658122,Escherichia coli
NA,0.004657776,Corynebacterium simulans
NA,0.004616527,Haemophilus influenzae
NA,0.00461641,Prevotella nanceiensis
NA,0.00461463,Corynebacterium simulans
NA,0.004567513,Cutibacterium acnes
NA,0.00455927,Haemophilus influenzae
NA,0.004556711,Prevotella melaninogenica
NA,0.004537008,Prevotella melaninogenica
NA,0.004518126,Prevotella melaninogenica
NA,0.004513357,Cutibacterium acnes
NA,0.004513282,Cutibacterium acnes
NA,0.004483666,Prevotella melaninogenica
NA,0.004474304,Moraxella catarrhalis
NA,0.004473061,Cutibacterium acnes
NA,0.004422184,Moraxella catarrhalis
NA,0.00441017,Prevotella nanceiensis
NA,0.004403746,Escherichia coli
NA,0.004400675,Streptococcus mitis
NA,0.004399441,Prevotella melaninogenica
NA,0.004360708,Moraxella catarrhalis
NA,0.004358492,Cutibacterium acnes
NA,0.00433587,Streptococcus mitis
NA,0.004316633,Streptococcus mitis
NA,0.004298472,Moraxella catarrhalis
NA,0.004287324,Streptococcus mitis
NA,0.004276597,Streptococcus mitis
NA,0.00427377,Cutibacterium acnes
NA,0.004198953,Cutibacterium acnes
NA,0.004187494,Escherichia coli
NA,0.004175293,Haemophilus influenzae
NA,0.004168502,Streptococcus pneumoniae
NA,0.004158474,Streptococcus mitis
NA,0.004155801,Corynebacterium simulans
NA,0.004154568,Streptococcus pneumoniae
NA,0.004134722,Corynebacterium simulans
NA,0.004095731,Streptococcus mitis
NA,0.004094238,Corynebacterium simulans
NA,0.004085854,Escherichia coli
NA,0.004084288,Prevotella melaninogenica
NA,0.004061163,Cutibacterium acnes
NA,0.004054808,Corynebacterium simulans
NA,0.004034752,Cutibacterium acnes
NA,0.004020256,Corynebacterium simulans
NA,0.004003317,Prevotella melaninogenica
NA,0.003993419,Corynebacterium simulans
NA,0.003993074,Escherichia coli
NA,0.003992351,Corynebacterium simulans
NA,0.003942461,Streptococcus mitis
NA,0.00393099,Corynebacterium simulans
NA,0.003915424,Escherichia coli
NA,0.003898754,Moraxella nonliquefaciens
NA,0.003854387,Prevotella nanceiensis
NA,0.003843431,Haemophilus influenzae
NA,0.003829581,Cutibacterium acnes
NA,0.003828961,Corynebacterium simulans
NA,0.003765063,Escherichia coli
NA,0.003740959,Streptococcus mitis
NA,0.003737534,Streptococcus mitis
NA,0.003735659,Prevotella nanceiensis
NA,0.003703189,Prevotella melaninogenica
NA,0.003696849,Corynebacterium simulans
NA,0.003692864,Prevotella melaninogenica
NA,0.003684544,Streptococcus pneumoniae
NA,0.003674712,Haemophilus influenzae
NA,0.00366362,Streptococcus mitis
NA,0.003606429,Streptococcus mitis
NA,0.003575627,Corynebacterium simulans
NA,0.003511312,Cutibacterium acnes
NA,0.003495445,Prevotella nanceiensis
NA,0.003489066,Corynebacterium simulans
NA,0.003449956,Streptococcus mitis
NA,0.003449365,Moraxella catarrhalis
NA,0.003443549,Corynebacterium simulans
NA,0.003441777,Streptococcus mitis
NA,0.003420435,Streptococcus mitis
NA,0.003417486,Escherichia coli
NA,0.003407113,Cutibacterium acnes
NA,0.003386631,Prevotella melaninogenica
NA,0.0033807,Prevotella melaninogenica
NA,0.003380259,Moraxella nonliquefaciens
NA,0.003375803,Cutibacterium acnes
NA,0.00336712,Moraxella nonliquefaciens
NA,0.003341291,Prevotella nanceiensis
NA,0.003333667,Streptococcus mitis
NA,0.003330031,Prevotella melaninogenica
NA,0.003317577,Streptococcus mitis
NA,0.003308638,Corynebacterium simulans
NA,0.003308148,Streptococcus pneumoniae
NA,0.003282804,Cutibacterium acnes
NA,0.003270784,Corynebacterium simulans
NA,0.003234418,Streptococcus mitis
NA,0.003230534,Escherichia coli
NA,0.003216513,Corynebacterium simulans
NA,0.003204252,Cutibacterium acnes
NA,0.003202475,Streptococcus mitis
NA,0.003185753,Moraxella catarrhalis
NA,0.003179023,Moraxella catarrhalis
NA,0.003170328,Moraxella catarrhalis
NA,0.003167117,Prevotella melaninogenica
NA,0.003156856,Moraxella catarrhalis
NA,0.003141035,Streptococcus mitis
NA,0.003140414,Streptococcus mitis
NA,0.0031365,Escherichia coli
NA,0.003056785,Corynebacterium simulans
NA,0.003012203,Escherichia coli
NA,0.003002148,Escherichia coli
NA,0.002985682,Corynebacterium simulans
NA,0.002984604,Prevotella melaninogenica
NA,0.002981013,Moraxella nonliquefaciens
NA,0.002973558,Moraxella nonliquefaciens
NA,0.002959889,Moraxella catarrhalis
NA,0.002958062,Escherichia coli
NA,0.002955295,Streptococcus mitis
NA,0.002925364,Streptococcus mitis
NA,0.002892914,Moraxella catarrhalis
NA,0.002891522,Streptococcus mitis
NA,0.002876806,Prevotella nanceiensis
NA,0.002858493,Haemophilus influenzae
NA,0.002838832,Streptococcus mitis
NA,0.002831789,Cutibacterium acnes
NA,0.002805003,Cutibacterium acnes
NA,0.002801937,Moraxella catarrhalis
NA,0.002794876,Cutibacterium acnes
NA,0.002791894,Corynebacterium simulans
NA,0.002785546,Prevotella melaninogenica
NA,0.002783318,Corynebacterium simulans
NA,0.002778161,Prevotella melaninogenica
NA,0.002776223,Prevotella melaninogenica
NA,0.002760804,Escherichia coli
NA,0.002755552,Prevotella melaninogenica
NA,0.002753169,Escherichia coli
NA,0.002743253,Streptococcus mitis
NA,0.002736008,Prevotella melaninogenica
NA,0.002733645,Streptococcus mitis
NA,0.002719199,Streptococcus mitis
NA,0.002689885,Streptococcus mitis
NA,0.002687788,Corynebacterium simulans
NA,0.002676674,Moraxella catarrhalis
NA,0.002675488,Streptococcus mitis
NA,0.002666161,Cutibacterium acnes
NA,0.002657403,Moraxella catarrhalis
NA,0.002654135,Streptococcus mitis
NA,0.002653038,Streptococcus mitis
NA,0.002651416,Moraxella catarrhalis
NA,0.002646593,Escherichia coli
NA,0.002630107,Streptococcus mitis
NA,0.002619733,Corynebacterium simulans
NA,0.002615024,Moraxella catarrhalis
NA,0.002608394,Prevotella melaninogenica
NA,0.002597493,Corynebacterium simulans
NA,0.002594174,Escherichia coli
NA,0.002584338,Moraxella catarrhalis
NA,0.002582827,Cutibacterium acnes
NA,0.002580419,Moraxella catarrhalis
NA,0.002568388,Escherichia coli
NA,0.002567746,Streptococcus pneumoniae
NA,0.002552955,Moraxella catarrhalis
NA,0.002552509,Prevotella melaninogenica
NA,0.002536789,Corynebacterium simulans
NA,0.002528856,Prevotella melaninogenica
NA,0.002523426,Prevotella melaninogenica
NA,0.002523118,Prevotella melaninogenica
NA,0.002522032,Escherichia coli
NA,0.002503022,Moraxella catarrhalis
NA,0.002498606,Moraxella nonliquefaciens
NA,0.00249495,Moraxella catarrhalis
NA,0.00249235,Corynebacterium simulans
NA,0.002481461,Moraxella catarrhalis
NA,0.002478998,Streptococcus mitis
NA,0.002475061,Streptococcus mitis
NA,0.002474079,Moraxella catarrhalis
NA,0.002470533,Streptococcus mitis
NA,0.002470234,Moraxella catarrhalis
NA,0.002470122,Escherichia coli
NA,0.002459093,Streptococcus mitis
NA,0.002445158,Corynebacterium simulans
NA,0.002435079,Prevotella melaninogenica
NA,0.002430512,Streptococcus mitis
NA,0.002420455,Moraxella catarrhalis
NA,0.002419558,Moraxella nonliquefaciens
NA,0.0023918,Streptococcus mitis
NA,0.002383963,Streptococcus mitis
NA,0.002363011,Streptococcus mitis
NA,0.002351493,Streptococcus mitis
NA,0.002349672,Escherichia coli
NA,0.002312381,Prevotella melaninogenica
NA,0.002299729,Prevotella nanceiensis
NA,0.00229509,Streptococcus mitis
NA,0.002293393,Prevotella nanceiensis
NA,0.00228796,Corynebacterium simulans
NA,0.002277335,Streptococcus mitis
NA,0.0022581,Prevotella nanceiensis
NA,0.00225338,Corynebacterium simulans
NA,0.002242874,Corynebacterium simulans
NA,0.002239703,Streptococcus mitis
NA,0.002232818,Escherichia coli
NA,0.0022288,Cutibacterium acnes
NA,0.00221286,Escherichia coli
NA,0.002193025,Escherichia coli
NA,0.002190281,Prevotella nanceiensis
NA,0.002166659,Cutibacterium acnes
NA,0.002162471,Corynebacterium simulans
NA,0.002147721,Moraxella catarrhalis
NA,0.002145482,Corynebacterium simulans
NA,0.002143065,Cutibacterium acnes
NA,0.002138134,Prevotella melaninogenica
NA,0.002137489,Prevotella melaninogenica
NA,0.00212788,Moraxella catarrhalis
NA,0.002108425,Streptococcus mitis
NA,0.002108209,Prevotella nanceiensis
NA,0.002104709,Moraxella catarrhalis
NA,0.002099882,Cutibacterium acnes
NA,0.002092934,Corynebacterium simulans
NA,0.002080304,Prevotella melaninogenica
NA,0.00207669,Streptococcus mitis
NA,0.002072793,Escherichia coli
NA,0.002063818,Corynebacterium simulans
NA,0.002055201,Haemophilus influenzae
NA,0.002053468,Prevotella nanceiensis
NA,0.002047212,Haemophilus influenzae
NA,0.002040153,Prevotella nanceiensis
NA,0.002036951,Cutibacterium acnes
NA,0.00202797,Moraxella catarrhalis
NA,0.00200721,Prevotella nanceiensis
NA,0.002002817,Escherichia coli
NA,0.001991074,Haemophilus influenzae
NA,0.001980914,Cutibacterium acnes
NA,0.001960936,Haemophilus influenzae
NA,0.001944808,Moraxella nonliquefaciens
NA,0.001940937,Escherichia coli
NA,0.001936801,Streptococcus mitis
NA,0.001922729,Escherichia coli
NA,0.00192043,Streptococcus mitis
NA,0.001910813,Streptococcus mitis
NA,0.001897951,Prevotella melaninogenica
NA,0.001885135,Moraxella catarrhalis
NA,0.001881889,Corynebacterium simulans
NA,0.001869479,Escherichia coli
NA,0.001851058,Corynebacterium simulans
NA,0.00184899,Prevotella nanceiensis
NA,0.001847188,Cutibacterium acnes
NA,0.0018358,Streptococcus mitis
NA,0.00182984,Streptococcus mitis
NA,0.001826978,Corynebacterium simulans
NA,0.001811402,Streptococcus mitis
NA,0.001807454,Moraxella catarrhalis
NA,0.001806902,Cutibacterium acnes
NA,0.001802298,Streptococcus mitis
NA,0.001799365,Cutibacterium acnes
NA,0.001794662,Corynebacterium simulans
NA,0.001789022,Haemophilus influenzae
NA,0.001777371,Cutibacterium acnes
NA,0.001775936,Escherichia coli
NA,0.001748317,Prevotella melaninogenica
NA,0.001716934,Corynebacterium simulans
NA,0.001713373,Prevotella melaninogenica
NA,0.001711026,Prevotella melaninogenica
NA,0.001705292,Prevotella nanceiensis
NA,0.001703169,Prevotella melaninogenica
NA,0.001700008,Cutibacterium acnes
NA,0.001693011,Cutibacterium acnes
NA,0.001685537,Prevotella melaninogenica
NA,0.001682078,Streptococcus mitis
NA,0.001669167,Streptococcus mitis
NA,0.001667286,Moraxella catarrhalis
NA,0.001665239,Moraxella catarrhalis
NA,0.001644333,Streptococcus pneumoniae
NA,0.001638813,Corynebacterium simulans
NA,0.001638213,Prevotella melaninogenica
NA,0.001634836,Moraxella catarrhalis
NA,0.001628841,Streptococcus mitis
NA,0.001627041,Moraxella catarrhalis
NA,0.001621066,Corynebacterium simulans
NA,0.001610023,Prevotella melaninogenica
NA,0.001607963,Streptococcus mitis
NA,0.001604487,Escherichia coli
NA,0.001603251,Moraxella nonliquefaciens
NA,0.001601423,Corynebacterium simulans
NA,0.001600648,Corynebacterium simulans
NA,0.001594538,Corynebacterium simulans
NA,0.001581375,Streptococcus mitis
NA,0.001580479,Prevotella nanceiensis
NA,0.001578626,Moraxella nonliquefaciens
NA,0.001576882,Haemophilus influenzae
NA,0.001570344,Streptococcus mitis
NA,0.001562279,Haemophilus influenzae
NA,0.001558124,Streptococcus mitis
NA,0.001550548,Escherichia coli
NA,0.001547367,Streptococcus pneumoniae
NA,0.001545199,Escherichia coli
NA,0.001526269,Prevotella melaninogenica
NA,0.001514626,Cutibacterium acnes
NA,0.001514234,Moraxella catarrhalis
NA,0.00149936,Streptococcus mitis
NA,0.001496802,Prevotella melaninogenica
NA,0.001475789,Escherichia coli
NA,0.001471844,Prevotella melaninogenica
NA,0.001459152,Moraxella nonliquefaciens
NA,0.001432667,Escherichia coli
NA,0.001422746,Streptococcus mitis
NA,0.001421784,Streptococcus mitis
NA,0.001416117,Corynebacterium simulans
NA,0.001415414,Cutibacterium acnes
NA,0.001410189,Haemophilus influenzae
NA,0.001406239,Streptococcus mitis
NA,0.001400998,Escherichia coli
NA,0.001399071,Corynebacterium simulans
NA,0.001398694,Escherichia coli
NA,0.001373269,Escherichia coli
NA,0.001370302,Prevotella melaninogenica
NA,0.001356918,Moraxella catarrhalis
NA,0.001346899,Streptococcus mitis
NA,0.001345766,Moraxella nonliquefaciens
NA,0.001336027,Haemophilus influenzae
NA,0.0013325,Prevotella melaninogenica
NA,0.001326937,Corynebacterium simulans
NA,0.001322687,Cutibacterium acnes
NA,0.001320206,Streptococcus mitis
NA,0.0013124,Moraxella nonliquefaciens
NA,0.001301527,Haemophilus influenzae
NA,0.001284159,Prevotella melaninogenica
NA,0.001282858,Streptococcus mitis
NA,0.001277918,Haemophilus influenzae
NA,0.001275894,Streptococcus mitis
NA,0.001266466,Cutibacterium acnes
NA,0.001256803,Prevotella melaninogenica
NA,0.001255709,Prevotella melaninogenica
NA,0.00125335,Cutibacterium acnes
NA,0.001247676,Streptococcus mitis
NA,0.001245319,Moraxella nonliquefaciens
NA,0.001242575,Haemophilus influenzae
NA,0.001238359,Prevotella melaninogenica
NA,0.001236132,Cutibacterium acnes
NA,0.00123302,Escherichia coli
NA,0.001224979,Streptococcus mitis
NA,0.001220411,Prevotella nanceiensis
NA,0.001210829,Moraxella nonliquefaciens
NA,0.001209329,Moraxella catarrhalis
NA,0.001206288,Corynebacterium simulans
NA,0.001191669,Moraxella nonliquefaciens
NA,0.001187755,Prevotella melaninogenica
NA,0.001183987,Corynebacterium simulans
NA,0.001183429,Streptococcus mitis
NA,0.001173473,Moraxella nonliquefaciens
NA,0.001171108,Streptococcus mitis
NA,0.001167741,Haemophilus influenzae
NA,0.001155713,Streptococcus mitis
NA,0.00114945,Haemophilus influenzae
NA,0.001148223,Streptococcus mitis
NA,0.001145362,Prevotella melaninogenica
NA,0.001144682,Streptococcus mitis
NA,0.001142215,Escherichia coli
NA,0.001138455,Moraxella nonliquefaciens
NA,0.001136006,Moraxella nonliquefaciens
NA,0.001132584,Streptococcus pneumoniae
NA,0.001127655,Haemophilus influenzae
NA,0.001115701,Moraxella nonliquefaciens
NA,0.001115143,Moraxella catarrhalis
NA,0.001115117,Streptococcus mitis
NA,0.001113898,Corynebacterium simulans
NA,0.001103475,Moraxella nonliquefaciens
NA,0.001101527,Prevotella melaninogenica
NA,0.001097894,Cutibacterium acnes
NA,0.001095052,Streptococcus mitis
NA,0.001090974,Haemophilus influenzae
NA,0.001083475,Prevotella melaninogenica
NA,0.001079966,Haemophilus influenzae
NA,0.00107708,Streptococcus mitis
NA,0.001068173,Streptococcus mitis
NA,0.001066457,Haemophilus influenzae
NA,0.001065347,Prevotella nanceiensis
NA,0.001061274,Corynebacterium simulans
NA,0.001053721,Prevotella melaninogenica
NA,0.00105275,Prevotella melaninogenica
NA,0.001040569,Prevotella nanceiensis
NA,0.001037617,Prevotella nanceiensis
NA,0.001037145,Streptococcus mitis
NA,0.001033308,Prevotella melaninogenica
NA,0.001032242,Moraxella catarrhalis
NA,0.001031011,Streptococcus mitis
NA,0.001029995,Escherichia coli
NA,0.00102218,Haemophilus influenzae
NA,0.0010216,Prevotella melaninogenica
NA,0.001020769,Escherichia coli
NA,0.001017173,Prevotella melaninogenica
NA,0.001008681,Cutibacterium acnes
NA,0.001005532,Moraxella catarrhalis
NA,0.00100078,Streptococcus mitis
NA,0.000998248,Moraxella catarrhalis
NA,0.000994409,Prevotella melaninogenica
NA,0.000986494,Corynebacterium simulans
NA,0.000984959,Streptococcus mitis
NA,0.000984669,Cutibacterium acnes
NA,0.000984382,Prevotella melaninogenica
NA,0.000976859,Prevotella melaninogenica
NA,0.000976467,Prevotella melaninogenica
NA,0.000971932,Corynebacterium simulans
NA,0.000971341,Haemophilus influenzae
NA,0.000970049,Corynebacterium simulans
NA,0.000967095,Corynebacterium simulans
NA,0.000965788,Cutibacterium acnes
NA,0.00096214,Cutibacterium acnes
NA,0.00095645,Cutibacterium acnes
NA,0.000954472,Prevotella melaninogenica
NA,0.000949595,Escherichia coli
NA,0.000948274,Escherichia coli
NA,0.000946813,Haemophilus influenzae
NA,0.000943764,Corynebacterium simulans
NA,0.000940775,Streptococcus mitis
NA,0.000940048,Moraxella nonliquefaciens
NA,0.000933073,Escherichia coli
NA,0.000932292,Streptococcus mitis
NA,0.000924362,Moraxella catarrhalis
NA,0.000923255,Escherichia coli
NA,0.000919953,Streptococcus mitis
NA,0.000916426,Prevotella nanceiensis
NA,0.000912623,Streptococcus mitis
NA,0.000908132,Prevotella melaninogenica
NA,0.000906971,Escherichia coli
NA,0.000903755,Streptococcus mitis
NA,0.000893652,Prevotella melaninogenica
NA,0.000889151,Escherichia coli
NA,0.000886636,Escherichia coli
NA,0.000885985,Corynebacterium simulans
NA,0.000884549,Streptococcus mitis
NA,0.000884203,Moraxella nonliquefaciens
NA,0.000867139,Corynebacterium simulans
NA,0.000864868,Moraxella catarrhalis
NA,0.000863042,Prevotella melaninogenica
NA,0.000857949,Prevotella melaninogenica
NA,0.000843235,Prevotella melaninogenica
NA,0.000843176,Prevotella melaninogenica
NA,0.000834663,Cutibacterium acnes
NA,0.000832267,Corynebacterium simulans
NA,0.000824835,Streptococcus mitis
NA,0.000824069,Moraxella nonliquefaciens
NA,0.000823096,Streptococcus mitis
NA,0.000821979,Haemophilus influenzae
NA,0.00082103,Escherichia coli
NA,0.000818981,Escherichia coli
NA,0.000812608,Corynebacterium simulans
NA,0.000810323,Streptococcus mitis
NA,0.000802193,Corynebacterium simulans
NA,0.000800657,Prevotella melaninogenica
NA,0.000799314,Streptococcus mitis
NA,0.000798925,Prevotella melaninogenica
NA,0.000787103,Escherichia coli
NA,0.00078704,Prevotella melaninogenica
NA,0.000778058,Cutibacterium acnes
NA,0.000772462,Prevotella melaninogenica
NA,0.000769933,Moraxella catarrhalis
NA,0.000767167,Haemophilus influenzae
NA,0.00076185,Moraxella nonliquefaciens
NA,0.000760699,Haemophilus influenzae
NA,0.000756504,Prevotella melaninogenica
NA,0.0007536,Streptococcus mitis
NA,0.000751119,Escherichia coli
NA,0.000748654,Moraxella nonliquefaciens
NA,0.00074481,Cutibacterium acnes
NA,0.000744099,Escherichia coli
NA,0.000743215,Escherichia coli
NA,0.000737825,Escherichia coli
NA,0.000735635,Prevotella melaninogenica
NA,0.000733863,Corynebacterium simulans
NA,0.000728689,Cutibacterium acnes
NA,0.000721721,Prevotella nanceiensis
NA,0.000711061,Moraxella nonliquefaciens
NA,0.00070668,Prevotella melaninogenica
NA,0.000704779,Streptococcus mitis
NA,0.000702488,Prevotella nanceiensis
NA,0.000702418,Prevotella melaninogenica
NA,0.000700344,Streptococcus pneumoniae
NA,0.000696212,Moraxella nonliquefaciens
NA,0.000694642,Moraxella nonliquefaciens
NA,0.000693779,Haemophilus influenzae
NA,0.000692601,Moraxella nonliquefaciens
NA,0.00068876,Corynebacterium simulans
NA,0.000687268,Moraxella catarrhalis
NA,0.000685292,Prevotella nanceiensis
NA,0.000684951,Prevotella nanceiensis
NA,0.000684383,Cutibacterium acnes
NA,0.000681039,Prevotella melaninogenica
NA,0.000680776,Cutibacterium acnes
NA,0.000678487,Corynebacterium simulans
NA,0.000676965,Cutibacterium acnes
NA,0.000674915,Prevotella nanceiensis
NA,0.000674804,Streptococcus mitis
NA,0.00067002,Prevotella melaninogenica
NA,0.000665663,Moraxella nonliquefaciens
NA,0.000664972,Streptococcus mitis
NA,0.000656116,Haemophilus influenzae
NA,0.000655962,Cutibacterium acnes
NA,0.000652397,Prevotella melaninogenica
NA,0.000652396,Haemophilus influenzae
NA,0.00064989,Corynebacterium simulans
NA,0.000648883,Moraxella nonliquefaciens
NA,0.00064612,Moraxella nonliquefaciens
NA,0.000645398,Prevotella melaninogenica
NA,0.000640859,Moraxella nonliquefaciens
NA,0.000640664,Moraxella nonliquefaciens
NA,0.00063417,Moraxella nonliquefaciens
NA,0.000632549,Moraxella nonliquefaciens
NA,0.000625104,Prevotella melaninogenica
NA,0.000608768,Moraxella catarrhalis
NA,0.000601702,Moraxella nonliquefaciens
NA,0.000600409,Streptococcus mitis
NA,0.000596855,Haemophilus influenzae
NA,0.000596152,Moraxella catarrhalis
NA,0.00059452,Prevotella melaninogenica
NA,0.000593739,Cutibacterium acnes
NA,0.000591274,Haemophilus influenzae
NA,0.000590174,Moraxella catarrhalis
NA,0.000584577,Streptococcus pneumoniae
NA,0.000579222,Moraxella nonliquefaciens
NA,0.000577002,Streptococcus mitis
NA,0.000575177,Corynebacterium simulans
NA,0.000575055,Cutibacterium acnes
NA,0.000573043,Streptococcus mitis
NA,0.000571596,Escherichia coli
NA,0.000568522,Moraxella nonliquefaciens
NA,0.000566824,Prevotella nanceiensis
NA,0.000562082,Prevotella melaninogenica
NA,0.000551687,Prevotella melaninogenica
NA,0.000551605,Moraxella nonliquefaciens
NA,0.000549398,Prevotella melaninogenica
NA,0.000545389,Prevotella melaninogenica
NA,0.000542723,Prevotella melaninogenica
NA,0.000542279,Prevotella melaninogenica
NA,0.000537791,Prevotella nanceiensis
NA,0.000536137,Prevotella melaninogenica
NA,0.000534862,Prevotella melaninogenica
NA,0.000534723,Prevotella melaninogenica
NA,0.00053273,Escherichia coli
NA,0.000532274,Prevotella nanceiensis
NA,0.000530299,Moraxella catarrhalis
NA,0.000525744,Escherichia coli
NA,0.000522943,Streptococcus mitis
NA,0.000522803,Moraxella nonliquefaciens
NA,0.000522761,Prevotella melaninogenica
NA,0.000519321,Corynebacterium simulans
NA,0.000505259,Haemophilus influenzae
NA,0.000504308,Streptococcus mitis
NA,0.000503462,Moraxella catarrhalis
NA,0.000502483,Moraxella catarrhalis
NA,0.000498321,Moraxella catarrhalis
NA,0.000497316,Prevotella nanceiensis
NA,0.000495008,Haemophilus influenzae
NA,0.000494191,Prevotella nanceiensis
NA,0.000493303,Streptococcus mitis
NA,0.000493093,Haemophilus influenzae
NA,0.000491601,Prevotella melaninogenica
NA,0.000491266,Moraxella nonliquefaciens
NA,0.000488102,Moraxella catarrhalis
NA,0.000482168,Prevotella melaninogenica
NA,0.000476708,Haemophilus influenzae
NA,0.000476006,Haemophilus influenzae
NA,0.000475469,Prevotella melaninogenica
NA,0.000470621,Haemophilus influenzae
NA,0.000469783,Streptococcus mitis
NA,0.000469711,Streptococcus mitis
NA,0.000469099,Moraxella nonliquefaciens
NA,0.0004673,Moraxella catarrhalis
NA,0.000466945,Prevotella nanceiensis
NA,0.00046514,Moraxella nonliquefaciens
NA,0.000459555,Prevotella melaninogenica
NA,0.000453206,Prevotella melaninogenica
NA,0.000453171,Streptococcus mitis
NA,0.000452685,Streptococcus mitis
NA,0.00045195,Prevotella nanceiensis
NA,0.000449914,Escherichia coli
NA,0.000445024,Prevotella melaninogenica
NA,0.00044362,Moraxella catarrhalis
NA,0.00044354,Prevotella nanceiensis
NA,0.000439243,Prevotella nanceiensis
NA,0.000433454,Moraxella nonliquefaciens
NA,0.000425819,Prevotella melaninogenica
NA,0.000425523,Moraxella nonliquefaciens
NA,0.000422177,Moraxella nonliquefaciens
NA,0.000415109,Escherichia coli
NA,0.000414368,Haemophilus influenzae
NA,0.000409915,Prevotella melaninogenica
NA,0.000408293,Prevotella melaninogenica
NA,0.000402831,Prevotella melaninogenica
NA,0.000402274,Prevotella melaninogenica
NA,0.000400546,Prevotella nanceiensis
NA,0.000399904,Moraxella nonliquefaciens
NA,0.000396639,Haemophilus influenzae
NA,0.000395426,Moraxella nonliquefaciens
NA,0.000385898,Moraxella nonliquefaciens
NA,0.000383354,Escherichia coli
NA,0.00038121,Moraxella nonliquefaciens
NA,0.000377496,Moraxella nonliquefaciens
NA,0.000377165,Cutibacterium acnes
NA,0.000373295,Streptococcus mitis
NA,0.000373088,Cutibacterium acnes
NA,0.000372943,Streptococcus mitis
NA,0.000372112,Moraxella catarrhalis
NA,0.000371883,Moraxella nonliquefaciens
NA,0.000369905,Moraxella nonliquefaciens
NA,0.000367949,Moraxella nonliquefaciens
NA,0.000367006,Prevotella melaninogenica
NA,0.000362644,Prevotella melaninogenica
NA,0.000361104,Moraxella catarrhalis
NA,0.000359616,Prevotella nanceiensis
NA,0.000356107,Haemophilus influenzae
NA,0.000355686,Escherichia coli
NA,0.000352072,Moraxella nonliquefaciens
NA,0.000349994,Streptococcus mitis
NA,0.000346488,Haemophilus influenzae
NA,0.000346391,Prevotella melaninogenica
NA,0.000346004,Cutibacterium acnes
NA,0.000344881,Haemophilus influenzae
NA,0.000339145,Streptococcus mitis
NA,0.000339032,Prevotella nanceiensis
NA,0.00033798,Moraxella nonliquefaciens
NA,0.00033795,Prevotella nanceiensis
NA,0.000336467,Prevotella melaninogenica
NA,0.00033507,Streptococcus mitis
NA,0.000334825,Streptococcus mitis
NA,0.000332832,Haemophilus influenzae
NA,0.000329753,Prevotella melaninogenica
NA,0.000327612,Haemophilus influenzae
NA,0.000327523,Moraxella nonliquefaciens
NA,0.000325712,Corynebacterium simulans
NA,0.000324867,Moraxella nonliquefaciens
NA,0.000319364,Haemophilus influenzae
NA,0.000313312,Moraxella catarrhalis
NA,0.000311942,Prevotella nanceiensis
NA,0.000311177,Streptococcus mitis
NA,0.000311019,Moraxella catarrhalis
NA,0.000310938,Moraxella nonliquefaciens
NA,0.000309494,Moraxella nonliquefaciens
NA,0.000308825,Moraxella nonliquefaciens
NA,0.000307772,Streptococcus mitis
NA,0.00030683,Moraxella nonliquefaciens
NA,0.000305998,Moraxella catarrhalis
NA,0.000305464,Cutibacterium acnes
NA,0.000303163,Escherichia coli
NA,0.000300964,Haemophilus influenzae
NA,0.000299708,Haemophilus influenzae
NA,0.000298082,Streptococcus mitis
NA,0.000296797,Prevotella melaninogenica
NA,0.000296024,Haemophilus influenzae
NA,0.000294357,Moraxella nonliquefaciens
NA,0.000293833,Haemophilus influenzae
NA,0.000287463,Prevotella melaninogenica
NA,0.000285163,Moraxella nonliquefaciens
NA,0.000282897,Prevotella nanceiensis
NA,0.000282825,Streptococcus mitis
NA,0.000282803,Moraxella nonliquefaciens
NA,0.00028222,Streptococcus mitis
NA,0.000281779,Prevotella melaninogenica
NA,0.000280544,Moraxella catarrhalis
NA,0.000279045,Moraxella nonliquefaciens
NA,0.000277556,Streptococcus mitis
NA,0.000277187,Prevotella melaninogenica
NA,0.000276049,Prevotella melaninogenica
NA,0.000273791,Streptococcus mitis
NA,0.000271692,Prevotella melaninogenica
NA,0.00026826,Prevotella nanceiensis
NA,0.000266548,Escherichia coli
NA,0.000265395,Moraxella nonliquefaciens
NA,0.000264654,Moraxella nonliquefaciens
NA,0.000263254,Moraxella catarrhalis
NA,0.000258118,Streptococcus mitis
NA,0.000257108,Moraxella catarrhalis
NA,0.000254775,Streptococcus mitis
NA,0.000253251,Haemophilus influenzae
NA,0.000252558,Moraxella nonliquefaciens
NA,0.00024895,Prevotella nanceiensis
NA,0.000248762,Prevotella nanceiensis
NA,0.000248552,Moraxella nonliquefaciens
NA,0.000247353,Moraxella nonliquefaciens
NA,0.000246616,Haemophilus influenzae
NA,0.000243089,Haemophilus influenzae
NA,0.000241836,Prevotella nanceiensis
NA,0.00024174,Prevotella melaninogenica
NA,0.00024108,Prevotella nanceiensis
NA,0.000240268,Prevotella nanceiensis
NA,0.000240098,Prevotella nanceiensis
NA,0.000239417,Prevotella nanceiensis
NA,0.000239007,Prevotella melaninogenica
NA,0.000238403,Escherichia coli
NA,0.000238051,Prevotella melaninogenica
NA,0.000233835,Streptococcus mitis
NA,0.000233756,Haemophilus influenzae
NA,0.000232591,Moraxella nonliquefaciens
NA,0.000231902,Moraxella nonliquefaciens
NA,0.000231194,Haemophilus influenzae
NA,0.000230333,Corynebacterium simulans
NA,0.000230183,Moraxella nonliquefaciens
NA,0.000229628,Haemophilus influenzae
NA,0.000228338,Prevotella nanceiensis
NA,0.000228306,Haemophilus influenzae
NA,0.000228101,Moraxella nonliquefaciens
NA,0.0002275,Streptococcus mitis
NA,0.000227363,Moraxella nonliquefaciens
NA,0.000227065,Moraxella catarrhalis
NA,0.000225639,Moraxella nonliquefaciens
NA,0.000225573,Prevotella melaninogenica
NA,0.000225196,Moraxella catarrhalis
NA,0.000223816,Streptococcus mitis
NA,0.000222853,Moraxella nonliquefaciens
NA,0.000221724,Streptococcus mitis
NA,0.000218958,Moraxella nonliquefaciens
NA,0.000218798,Haemophilus influenzae
NA,0.000213704,Moraxella nonliquefaciens
NA,0.000212457,Moraxella nonliquefaciens
NA,0.000211423,Moraxella nonliquefaciens
NA,0.000211423,Haemophilus influenzae
NA,0.00020812,Prevotella melaninogenica
NA,0.000207954,Streptococcus mitis
NA,0.000207661,Prevotella melaninogenica
NA,0.000205661,Prevotella melaninogenica
NA,0.00020357,Prevotella melaninogenica
NA,0.000200754,Moraxella nonliquefaciens
NA,0.000200171,Moraxella nonliquefaciens
NA,0.000200025,Haemophilus influenzae
NA,0.000199726,Prevotella nanceiensis
NA,0.000199098,Moraxella nonliquefaciens
NA,0.000194582,Escherichia coli
NA,0.000194111,Prevotella nanceiensis
NA,0.000192173,Prevotella nanceiensis
NA,0.000186491,Moraxella catarrhalis
NA,0.000185838,Haemophilus influenzae
NA,0.000184682,Haemophilus influenzae
NA,0.000184523,Moraxella catarrhalis
NA,0.000184467,Prevotella melaninogenica
NA,0.000183197,Haemophilus influenzae
NA,0.000180905,Prevotella melaninogenica
NA,0.000180642,Prevotella melaninogenica
NA,0.0001798,Prevotella melaninogenica
NA,0.000178389,Prevotella nanceiensis
NA,0.000178108,Moraxella nonliquefaciens
NA,0.000178024,Streptococcus mitis
NA,0.00017728,Moraxella nonliquefaciens
NA,0.000175969,Moraxella nonliquefaciens
NA,0.000175686,Haemophilus influenzae
NA,0.000174431,Moraxella nonliquefaciens
NA,0.000174249,Moraxella catarrhalis
NA,0.000173484,Haemophilus influenzae
NA,0.000172954,Moraxella catarrhalis
NA,0.000172656,Streptococcus mitis
NA,0.000170634,Cutibacterium acnes
NA,0.000170547,Moraxella nonliquefaciens
NA,0.000169529,Moraxella nonliquefaciens
NA,0.000169211,Prevotella melaninogenica
NA,0.000168837,Moraxella nonliquefaciens
NA,0.000168791,Escherichia coli
NA,0.000168724,Prevotella nanceiensis
NA,0.000166286,Moraxella catarrhalis
NA,0.000165096,Haemophilus influenzae
NA,0.000163128,Moraxella nonliquefaciens
NA,0.00016225,Moraxella nonliquefaciens
NA,0.000161411,Haemophilus influenzae
NA,0.000161052,Moraxella catarrhalis
NA,0.000160686,Prevotella melaninogenica
NA,0.000159585,Moraxella nonliquefaciens
NA,0.000159416,Streptococcus mitis
NA,0.000159291,Streptococcus mitis
NA,0.000155516,Moraxella catarrhalis
NA,0.000154532,Prevotella melaninogenica
NA,0.000154294,Moraxella nonliquefaciens
NA,0.0001539,Streptococcus pneumoniae
NA,0.000153419,Moraxella nonliquefaciens
NA,0.000153252,Haemophilus influenzae
NA,0.000152661,Haemophilus influenzae
NA,0.000152364,Moraxella nonliquefaciens
NA,0.000151782,Streptococcus mitis
NA,0.000149924,Prevotella melaninogenica
NA,0.000148331,Prevotella nanceiensis
NA,0.000147841,Streptococcus mitis
NA,0.00014702,Haemophilus influenzae
NA,0.000146926,Cutibacterium acnes
NA,0.000146117,Prevotella melaninogenica
NA,0.000144389,Haemophilus influenzae
NA,0.000144325,Prevotella melaninogenica
NA,0.000143769,Moraxella catarrhalis
NA,0.000143658,Prevotella melaninogenica
NA,0.000142205,Streptococcus mitis
NA,0.000139986,Prevotella nanceiensis
NA,0.000138928,Escherichia coli
NA,0.000138743,Moraxella nonliquefaciens
NA,0.000137286,Prevotella nanceiensis
NA,0.000137274,Prevotella melaninogenica
NA,0.000136666,Prevotella nanceiensis
NA,0.000136106,Prevotella melaninogenica
NA,0.00013558,Haemophilus influenzae
NA,0.000134822,Prevotella melaninogenica
NA,0.000134212,Haemophilus influenzae
NA,0.000133137,Prevotella melaninogenica
NA,0.000132738,Haemophilus influenzae
NA,0.000131348,Prevotella nanceiensis
NA,0.000131115,Streptococcus mitis
NA,0.000130769,Haemophilus influenzae
NA,0.000130597,Prevotella nanceiensis
NA,0.000129252,Prevotella nanceiensis
NA,0.000129063,Streptococcus mitis
NA,0.000129004,Prevotella nanceiensis
NA,0.000125918,Prevotella nanceiensis
NA,0.000124969,Haemophilus influenzae
NA,0.000124424,Prevotella nanceiensis
NA,0.000122935,Moraxella catarrhalis
NA,0.000122455,Prevotella melaninogenica
NA,0.000122278,Prevotella melaninogenica
NA,0.000122068,Streptococcus mitis
NA,0.000121603,Prevotella melaninogenica
NA,0.000121338,Prevotella melaninogenica
NA,0.000119749,Moraxella catarrhalis
NA,0.000119603,Moraxella nonliquefaciens
NA,0.000119326,Escherichia coli
NA,0.000119175,Moraxella nonliquefaciens
NA,0.000118364,Prevotella nanceiensis
NA,0.000117987,Prevotella melaninogenica
NA,0.000117361,Prevotella nanceiensis
NA,0.000116903,Streptococcus mitis
NA,0.000115002,Prevotella nanceiensis
NA,0.000113982,Moraxella nonliquefaciens
NA,0.000113639,Haemophilus influenzae
NA,0.000113284,Moraxella nonliquefaciens
NA,0.000111699,Prevotella nanceiensis
NA,0.000108823,Prevotella nanceiensis
NA,0.000108703,Haemophilus influenzae
NA,0.000108252,Streptococcus mitis
NA,0.000108054,Prevotella nanceiensis
NA,0.000107491,Prevotella nanceiensis
NA,0.000107376,Haemophilus influenzae
NA,0.000107106,Cutibacterium acnes
NA,0.000106737,Prevotella nanceiensis
NA,0.000105183,Haemophilus influenzae
NA,0.000104758,Haemophilus influenzae
NA,0.000102719,Prevotella melaninogenica
NA,0.000102405,Haemophilus influenzae
NA,0.000101799,Prevotella nanceiensis
NA,0.000101403,Moraxella nonliquefaciens
NA,0.000100847,Prevotella melaninogenica
NA,9.88E-05,Prevotella nanceiensis
NA,9.85E-05,Moraxella catarrhalis
NA,9.79E-05,Prevotella nanceiensis
NA,9.75E-05,Moraxella nonliquefaciens
NA,9.74E-05,Moraxella nonliquefaciens
NA,9.73E-05,Prevotella melaninogenica
NA,9.68E-05,Moraxella catarrhalis
NA,9.65E-05,Prevotella melaninogenica
NA,9.62E-05,Moraxella nonliquefaciens
NA,9.53E-05,Prevotella nanceiensis
NA,9.51E-05,Prevotella nanceiensis
NA,9.48E-05,Escherichia coli
NA,9.45E-05,Haemophilus influenzae
NA,9.43E-05,Moraxella nonliquefaciens
NA,9.43E-05,Moraxella nonliquefaciens
NA,9.41E-05,Escherichia coli
NA,9.10E-05,Haemophilus influenzae
NA,9.03E-05,Prevotella melaninogenica
NA,9.02E-05,Moraxella nonliquefaciens
NA,8.95E-05,Haemophilus influenzae
NA,8.89E-05,Prevotella melaninogenica
NA,8.88E-05,Prevotella melaninogenica
NA,8.87E-05,Prevotella melaninogenica
NA,8.84E-05,Prevotella nanceiensis
NA,8.81E-05,Prevotella melaninogenica
NA,8.66E-05,Moraxella nonliquefaciens
NA,8.55E-05,Moraxella nonliquefaciens
NA,8.54E-05,Haemophilus influenzae
NA,8.50E-05,Prevotella nanceiensis
NA,8.44E-05,Prevotella melaninogenica
NA,8.44E-05,Moraxella nonliquefaciens
NA,8.31E-05,Prevotella melaninogenica
NA,8.30E-05,Prevotella melaninogenica
NA,8.27E-05,Prevotella melaninogenica
NA,8.24E-05,Moraxella nonliquefaciens
NA,8.23E-05,Prevotella nanceiensis
NA,8.21E-05,Haemophilus influenzae
NA,8.19E-05,Moraxella nonliquefaciens
NA,8.17E-05,Corynebacterium simulans
NA,8.17E-05,Moraxella nonliquefaciens
NA,8.16E-05,Moraxella nonliquefaciens
NA,8.10E-05,Prevotella nanceiensis
NA,8.09E-05,Prevotella melaninogenica
NA,8.08E-05,Prevotella melaninogenica
NA,8.06E-05,Prevotella nanceiensis
NA,8.06E-05,Streptococcus mitis
NA,8.03E-05,Prevotella melaninogenica
NA,7.95E-05,Haemophilus influenzae
NA,7.90E-05,Moraxella catarrhalis
NA,7.68E-05,Moraxella nonliquefaciens
NA,7.33E-05,Moraxella catarrhalis
NA,7.31E-05,Haemophilus influenzae
NA,7.27E-05,Prevotella nanceiensis
NA,7.23E-05,Prevotella melaninogenica
NA,7.22E-05,Prevotella nanceiensis
NA,7.20E-05,Streptococcus mitis
NA,7.10E-05,Prevotella nanceiensis
NA,6.97E-05,Moraxella nonliquefaciens
NA,6.91E-05,Prevotella nanceiensis
NA,6.75E-05,Haemophilus influenzae
NA,6.75E-05,Haemophilus influenzae
NA,6.74E-05,Prevotella nanceiensis
NA,6.59E-05,Prevotella melaninogenica
NA,6.59E-05,Haemophilus influenzae
NA,6.49E-05,Moraxella catarrhalis
NA,6.43E-05,Prevotella nanceiensis
NA,6.39E-05,Prevotella nanceiensis
NA,6.34E-05,Prevotella nanceiensis
NA,6.31E-05,Prevotella nanceiensis
NA,6.22E-05,Haemophilus influenzae
NA,6.21E-05,Moraxella catarrhalis
NA,6.14E-05,Prevotella nanceiensis
NA,6.14E-05,Prevotella nanceiensis
NA,6.11E-05,Prevotella melaninogenica
NA,6.07E-05,Prevotella melaninogenica
NA,5.85E-05,Streptococcus mitis
NA,5.80E-05,Prevotella nanceiensis
NA,5.76E-05,Prevotella nanceiensis
NA,5.75E-05,Prevotella nanceiensis
NA,5.74E-05,Streptococcus mitis
NA,5.74E-05,Haemophilus influenzae
NA,5.73E-05,Prevotella nanceiensis
NA,5.71E-05,Haemophilus influenzae
NA,5.70E-05,Streptococcus mitis
NA,5.65E-05,Haemophilus influenzae
NA,5.61E-05,Corynebacterium simulans
NA,5.45E-05,Haemophilus influenzae
NA,5.43E-05,Haemophilus influenzae
NA,5.42E-05,Haemophilus influenzae
NA,5.26E-05,Prevotella melaninogenica
NA,5.23E-05,Prevotella nanceiensis
NA,5.22E-05,Moraxella nonliquefaciens
NA,5.22E-05,Prevotella melaninogenica
NA,5.20E-05,Prevotella melaninogenica
NA,5.17E-05,Prevotella nanceiensis
NA,5.17E-05,Haemophilus influenzae
NA,5.13E-05,Prevotella melaninogenica
NA,5.09E-05,Moraxella nonliquefaciens
NA,5.08E-05,Haemophilus influenzae
NA,5.04E-05,Prevotella nanceiensis
NA,4.94E-05,Haemophilus influenzae
NA,4.91E-05,Haemophilus influenzae
NA,4.89E-05,Haemophilus influenzae
NA,4.87E-05,Prevotella nanceiensis
NA,4.87E-05,Escherichia coli
NA,4.78E-05,Haemophilus influenzae
NA,4.78E-05,Prevotella nanceiensis
NA,4.77E-05,Prevotella melaninogenica
NA,4.77E-05,Prevotella nanceiensis
NA,4.56E-05,Prevotella nanceiensis
NA,4.51E-05,Streptococcus mitis
NA,4.51E-05,Haemophilus influenzae
NA,4.47E-05,Moraxella nonliquefaciens
NA,4.45E-05,Corynebacterium simulans
NA,4.28E-05,Streptococcus mitis
NA,4.24E-05,Haemophilus influenzae
NA,4.24E-05,Prevotella nanceiensis
NA,4.20E-05,Haemophilus influenzae
NA,4.12E-05,Moraxella nonliquefaciens
NA,4.11E-05,Prevotella nanceiensis
NA,4.10E-05,Moraxella nonliquefaciens
NA,4.06E-05,Moraxella nonliquefaciens
NA,4.06E-05,Haemophilus influenzae
NA,4.05E-05,Prevotella nanceiensis
NA,4.01E-05,Haemophilus influenzae
NA,3.94E-05,Haemophilus influenzae
NA,3.92E-05,Haemophilus influenzae
NA,3.91E-05,Haemophilus influenzae
NA,3.91E-05,Prevotella nanceiensis
NA,3.90E-05,Haemophilus influenzae
NA,3.82E-05,Haemophilus influenzae
NA,3.81E-05,Haemophilus influenzae
NA,3.81E-05,Prevotella nanceiensis
NA,3.81E-05,Prevotella nanceiensis
NA,3.79E-05,Prevotella melaninogenica
NA,3.77E-05,Prevotella melaninogenica
NA,3.75E-05,Moraxella catarrhalis
NA,3.61E-05,Prevotella melaninogenica
NA,3.58E-05,Prevotella melaninogenica
NA,3.58E-05,Moraxella nonliquefaciens
NA,3.58E-05,Streptococcus mitis
NA,3.57E-05,Prevotella nanceiensis
NA,3.56E-05,Haemophilus influenzae
NA,3.56E-05,Prevotella nanceiensis
NA,3.53E-05,Prevotella nanceiensis
NA,3.49E-05,Prevotella nanceiensis
NA,3.44E-05,Haemophilus influenzae
NA,3.43E-05,Haemophilus influenzae
NA,3.42E-05,Prevotella nanceiensis
NA,3.39E-05,Haemophilus influenzae
NA,3.38E-05,Haemophilus influenzae
NA,3.23E-05,Haemophilus influenzae
NA,3.20E-05,Prevotella melaninogenica
NA,3.19E-05,Prevotella nanceiensis
NA,3.17E-05,Prevotella nanceiensis
NA,3.11E-05,Haemophilus influenzae
NA,3.04E-05,Haemophilus influenzae
NA,3.04E-05,Prevotella nanceiensis
NA,3.03E-05,Prevotella nanceiensis
NA,3.01E-05,Prevotella melaninogenica
NA,2.97E-05,Haemophilus influenzae
NA,2.94E-05,Prevotella nanceiensis
NA,2.91E-05,Haemophilus influenzae
NA,2.81E-05,Prevotella nanceiensis
NA,2.79E-05,Moraxella catarrhalis
NA,2.77E-05,Haemophilus influenzae
NA,2.72E-05,Prevotella nanceiensis
NA,2.70E-05,Prevotella nanceiensis
NA,2.69E-05,Haemophilus influenzae
NA,2.63E-05,Haemophilus influenzae
NA,2.61E-05,Haemophilus influenzae
NA,2.60E-05,Prevotella nanceiensis
NA,2.59E-05,Haemophilus influenzae
NA,2.59E-05,Prevotella nanceiensis
NA,2.59E-05,Prevotella melaninogenica
NA,2.58E-05,Moraxella nonliquefaciens
NA,2.58E-05,Prevotella melaninogenica
NA,2.54E-05,Haemophilus influenzae
NA,2.43E-05,Moraxella nonliquefaciens
NA,2.42E-05,Prevotella nanceiensis
NA,2.41E-05,Prevotella melaninogenica
NA,2.40E-05,Haemophilus influenzae
NA,2.38E-05,Haemophilus influenzae
NA,2.37E-05,Prevotella nanceiensis
NA,2.35E-05,Prevotella nanceiensis
NA,2.25E-05,Prevotella nanceiensis
NA,2.22E-05,Haemophilus influenzae
NA,2.20E-05,Moraxella catarrhalis
NA,2.19E-05,Prevotella melaninogenica
NA,2.19E-05,Prevotella nanceiensis
NA,2.17E-05,Prevotella melaninogenica
NA,2.16E-05,Prevotella nanceiensis
NA,2.13E-05,Moraxella catarrhalis
NA,2.12E-05,Moraxella nonliquefaciens
NA,2.12E-05,Prevotella melaninogenica
NA,2.09E-05,Prevotella nanceiensis
NA,2.09E-05,Moraxella catarrhalis
NA,2.08E-05,Prevotella nanceiensis
NA,2.01E-05,Moraxella nonliquefaciens
NA,2.00E-05,Prevotella nanceiensis
NA,1.98E-05,Prevotella nanceiensis
NA,1.95E-05,Prevotella nanceiensis
NA,1.94E-05,Prevotella nanceiensis
NA,1.93E-05,Haemophilus influenzae
NA,1.93E-05,Moraxella nonliquefaciens
NA,1.90E-05,Prevotella nanceiensis
NA,1.90E-05,Prevotella nanceiensis
NA,1.87E-05,Haemophilus influenzae
NA,1.82E-05,Streptococcus mitis
NA,1.82E-05,Haemophilus influenzae
NA,1.79E-05,Prevotella nanceiensis
NA,1.76E-05,Moraxella nonliquefaciens
NA,1.69E-05,Prevotella nanceiensis
NA,1.69E-05,Prevotella melaninogenica
NA,1.67E-05,Prevotella melaninogenica
NA,1.59E-05,Prevotella melaninogenica
NA,1.57E-05,Prevotella nanceiensis
NA,1.56E-05,Escherichia coli
NA,1.51E-05,Prevotella nanceiensis
NA,1.50E-05,Prevotella nanceiensis
NA,1.49E-05,Prevotella nanceiensis
NA,1.49E-05,Streptococcus mitis
NA,1.48E-05,Prevotella melaninogenica
NA,1.46E-05,Haemophilus influenzae
NA,1.43E-05,Haemophilus influenzae
NA,1.42E-05,Prevotella melaninogenica
NA,1.41E-05,Moraxella catarrhalis
NA,1.37E-05,Prevotella nanceiensis
NA,1.36E-05,Haemophilus influenzae
NA,1.35E-05,Moraxella nonliquefaciens
NA,1.35E-05,Prevotella nanceiensis
NA,1.34E-05,Prevotella nanceiensis
NA,1.32E-05,Prevotella nanceiensis
NA,1.30E-05,Haemophilus influenzae
NA,1.24E-05,Prevotella nanceiensis
NA,1.23E-05,Prevotella melaninogenica
NA,1.21E-05,Prevotella nanceiensis
NA,1.19E-05,Prevotella nanceiensis
NA,1.15E-05,Moraxella nonliquefaciens
NA,1.15E-05,Prevotella nanceiensis
NA,1.08E-05,Moraxella nonliquefaciens
NA,1.07E-05,Haemophilus influenzae
NA,1.03E-05,Moraxella nonliquefaciens
NA,1.02E-05,Prevotella melaninogenica
NA,9.92E-06,Haemophilus influenzae
NA,9.89E-06,Haemophilus influenzae
NA,9.66E-06,Prevotella nanceiensis
NA,9.45E-06,Moraxella nonliquefaciens
NA,9.42E-06,Prevotella nanceiensis
NA,9.38E-06,Moraxella nonliquefaciens
NA,8.99E-06,Corynebacterium simulans
NA,8.47E-06,Prevotella nanceiensis
NA,8.43E-06,Prevotella nanceiensis
NA,8.28E-06,Prevotella melaninogenica
NA,8.13E-06,Prevotella nanceiensis
NA,7.93E-06,Prevotella melaninogenica
NA,7.70E-06,Moraxella nonliquefaciens
NA,7.70E-06,Haemophilus influenzae
NA,7.48E-06,Haemophilus influenzae
NA,7.45E-06,Prevotella nanceiensis
NA,7.32E-06,Prevotella nanceiensis
NA,6.92E-06,Prevotella nanceiensis
NA,6.73E-06,Prevotella nanceiensis
NA,6.62E-06,Prevotella nanceiensis
NA,6.56E-06,Prevotella nanceiensis
NA,6.52E-06,Prevotella nanceiensis
NA,6.00E-06,Prevotella nanceiensis
NA,5.85E-06,Prevotella nanceiensis
NA,5.69E-06,Prevotella nanceiensis
NA,5.68E-06,Haemophilus influenzae
NA,5.55E-06,Moraxella nonliquefaciens
NA,5.46E-06,Moraxella nonliquefaciens
NA,4.65E-06,Prevotella nanceiensis
NA,4.33E-06,Prevotella nanceiensis
NA,4.18E-06,Moraxella nonliquefaciens
NA,4.16E-06,Prevotella nanceiensis
NA,4.11E-06,Moraxella nonliquefaciens
NA,3.99E-06,Prevotella nanceiensis
NA,3.62E-06,Haemophilus influenzae
NA,3.60E-06,Prevotella nanceiensis
NA,3.51E-06,Prevotella nanceiensis
NA,3.33E-06,Prevotella nanceiensis
NA,3.16E-06,Prevotella nanceiensis
NA,3.14E-06,Prevotella nanceiensis
NA,2.92E-06,Prevotella melaninogenica
NA,2.88E-06,Prevotella nanceiensis
NA,2.05E-06,Prevotella nanceiensis
NA,1.99E-06,Prevotella nanceiensis
NA,1.95E-06,Moraxella nonliquefaciens
NA,1.87E-06,Prevotella nanceiensis
NA,1.85E-06,Prevotella nanceiensis
NA,1.78E-06,Prevotella nanceiensis
NA,1.77E-06,Prevotella melaninogenica
NA,1.03E-06,Prevotella nanceiensis
NA,8.64E-07,Prevotella melaninogenica
NA,4.32E-07,Prevotella nanceiensis
NA,3.11E-07,Prevotella nanceiensis
NA,0,Corynebacterium simulans
NA,0,Prevotella nanceiensis
NA,0,Prevotella nanceiensis
NA,0,Prevotella nanceiensis